image,class,image_name
000001.jpg 2880,2880,000001.jpg
000002.jpg 2937,2937,000002.jpg
000003.jpg 8692,8692,000003.jpg
000004.jpg 5805,5805,000004.jpg
000005.jpg 9295,9295,000005.jpg
000006.jpg 4153,4153,000006.jpg
000007.jpg 9040,9040,000007.jpg
000008.jpg 6369,6369,000008.jpg
000009.jpg 3332,3332,000009.jpg
000010.jpg 612,612,000010.jpg
000011.jpg 2807,2807,000011.jpg
000012.jpg 7779,7779,000012.jpg
000013.jpg 3785,3785,000013.jpg
000014.jpg 7081,7081,000014.jpg
000015.jpg 1854,1854,000015.jpg
000016.jpg 4905,4905,000016.jpg
000017.jpg 667,667,000017.jpg
000018.jpg 2464,2464,000018.jpg
000019.jpg 2929,2929,000019.jpg
000020.jpg 2782,2782,000020.jpg
000021.jpg 181,181,000021.jpg
000022.jpg 6642,6642,000022.jpg
000023.jpg 1,1,000023.jpg
000024.jpg 9290,9290,000024.jpg
000025.jpg 7578,7578,000025.jpg
000026.jpg 10046,10046,000026.jpg
000027.jpg 4128,4128,000027.jpg
000028.jpg 3670,3670,000028.jpg
000029.jpg 3422,3422,000029.jpg
000030.jpg 8216,8216,000030.jpg
000031.jpg 9181,9181,000031.jpg
000032.jpg 268,268,000032.jpg
000033.jpg 7600,7600,000033.jpg
000034.jpg 1603,1603,000034.jpg
000035.jpg 5512,5512,000035.jpg
000036.jpg 3272,3272,000036.jpg
000037.jpg 8744,8744,000037.jpg
000038.jpg 4407,4407,000038.jpg
000039.jpg 6446,6446,000039.jpg
000040.jpg 2088,2088,000040.jpg
000041.jpg 1058,1058,000041.jpg
000042.jpg 5230,5230,000042.jpg
000043.jpg 5239,5239,000043.jpg
000044.jpg 2079,2079,000044.jpg
000045.jpg 4125,4125,000045.jpg
000046.jpg 6318,6318,000046.jpg
000047.jpg 9177,9177,000047.jpg
000048.jpg 4310,4310,000048.jpg
000049.jpg 6817,6817,000049.jpg
000050.jpg 1058,1058,000050.jpg
000051.jpg 1446,1446,000051.jpg
000052.jpg 3896,3896,000052.jpg
000053.jpg 9397,9397,000053.jpg
000054.jpg 8443,8443,000054.jpg
000055.jpg 4883,4883,000055.jpg
000056.jpg 545,545,000056.jpg
000057.jpg 10144,10144,000057.jpg
000058.jpg 2879,2879,000058.jpg
000059.jpg 6204,6204,000059.jpg
000060.jpg 6880,6880,000060.jpg
000061.jpg 3316,3316,000061.jpg
000062.jpg 1499,1499,000062.jpg
000063.jpg 1539,1539,000063.jpg
000064.jpg 3629,3629,000064.jpg
000065.jpg 3046,3046,000065.jpg
000066.jpg 3792,3792,000066.jpg
000067.jpg 1175,1175,000067.jpg
000068.jpg 5300,5300,000068.jpg
000069.jpg 4627,4627,000069.jpg
000070.jpg 3403,3403,000070.jpg
000071.jpg 9289,9289,000071.jpg
000072.jpg 5604,5604,000072.jpg
000073.jpg 7880,7880,000073.jpg
000074.jpg 266,266,000074.jpg
000075.jpg 640,640,000075.jpg
000076.jpg 184,184,000076.jpg
000077.jpg 13,13,000077.jpg
000078.jpg 8671,8671,000078.jpg
000079.jpg 6625,6625,000079.jpg
000080.jpg 3286,3286,000080.jpg
000081.jpg 9642,9642,000081.jpg
000082.jpg 4407,4407,000082.jpg
000083.jpg 2192,2192,000083.jpg
000084.jpg 4385,4385,000084.jpg
000085.jpg 5127,5127,000085.jpg
000086.jpg 6145,6145,000086.jpg
000087.jpg 5689,5689,000087.jpg
000088.jpg 5578,5578,000088.jpg
000089.jpg 5472,5472,000089.jpg
000090.jpg 6622,6622,000090.jpg
000091.jpg 4915,4915,000091.jpg
000092.jpg 4876,4876,000092.jpg
000093.jpg 7399,7399,000093.jpg
000094.jpg 4960,4960,000094.jpg
000095.jpg 2410,2410,000095.jpg
000096.jpg 4262,4262,000096.jpg
000097.jpg 6530,6530,000097.jpg
000098.jpg 5927,5927,000098.jpg
000099.jpg 8289,8289,000099.jpg
000100.jpg 6746,6746,000100.jpg
000101.jpg 4988,4988,000101.jpg
000102.jpg 7191,7191,000102.jpg
000228.jpg 3422,3422,000228.jpg
000252.jpg 4960,4960,000252.jpg
000291.jpg 4960,4960,000291.jpg
000387.jpg 5127,5127,000387.jpg
000404.jpg 2880,2880,000404.jpg
000478.jpg 4876,4876,000478.jpg
000499.jpg 3670,3670,000499.jpg
000529.jpg 3272,3272,000529.jpg
000634.jpg 8443,8443,000634.jpg
000784.jpg 3272,3272,000784.jpg
000798.jpg 1175,1175,000798.jpg
001042.jpg 10046,10046,001042.jpg
001111.jpg 8671,8671,001111.jpg
001168.jpg 4915,4915,001168.jpg
001209.jpg 6817,6817,001209.jpg
001253.jpg 7600,7600,001253.jpg
001270.jpg 1446,1446,001270.jpg
001387.jpg 4125,4125,001387.jpg
001401.jpg 4310,4310,001401.jpg
001454.jpg 2088,2088,001454.jpg
001533.jpg 181,181,001533.jpg
001585.jpg 4128,4128,001585.jpg
001668.jpg 612,612,001668.jpg
001683.jpg 3422,3422,001683.jpg
001733.jpg 10144,10144,001733.jpg
001778.jpg 5805,5805,001778.jpg
001947.jpg 2088,2088,001947.jpg
001977.jpg 1175,1175,001977.jpg
002197.jpg 4385,4385,002197.jpg
002341.jpg 1446,1446,002341.jpg
002347.jpg 6446,6446,002347.jpg
002463.jpg 1499,1499,002463.jpg
002569.jpg 5239,5239,002569.jpg
002619.jpg 5927,5927,002619.jpg
002642.jpg 4915,4915,002642.jpg
002739.jpg 4385,4385,002739.jpg
002755.jpg 2464,2464,002755.jpg
002825.jpg 5230,5230,002825.jpg
002876.jpg 3629,3629,002876.jpg
002941.jpg 4988,4988,002941.jpg
003006.jpg 4627,4627,003006.jpg
003062.jpg 6204,6204,003062.jpg
003307.jpg 2782,2782,003307.jpg
003347.jpg 4125,4125,003347.jpg
003353.jpg 3792,3792,003353.jpg
003360.jpg 7578,7578,003360.jpg
003415.jpg 2880,2880,003415.jpg
003428.jpg 1854,1854,003428.jpg
003556.jpg 7600,7600,003556.jpg
003843.jpg 1603,1603,003843.jpg
003911.jpg 4988,4988,003911.jpg
004110.jpg 1446,1446,004110.jpg
004148.jpg 8744,8744,004148.jpg
004163.jpg 7578,7578,004163.jpg
004213.jpg 4407,4407,004213.jpg
004294.jpg 5230,5230,004294.jpg
004318.jpg 4905,4905,004318.jpg
004323.jpg 9177,9177,004323.jpg
004329.jpg 5127,5127,004329.jpg
004349.jpg 612,612,004349.jpg
004352.jpg 1539,1539,004352.jpg
004390.jpg 2880,2880,004390.jpg
004429.jpg 6446,6446,004429.jpg
004506.jpg 1,1,004506.jpg
004569.jpg 2807,2807,004569.jpg
004607.jpg 2782,2782,004607.jpg
004654.jpg 2929,2929,004654.jpg
004668.jpg 7399,7399,004668.jpg
004741.jpg 9177,9177,004741.jpg
004744.jpg 3896,3896,004744.jpg
004757.jpg 266,266,004757.jpg
004806.jpg 6369,6369,004806.jpg
004924.jpg 7191,7191,004924.jpg
004979.jpg 2807,2807,004979.jpg
005005.jpg 667,667,005005.jpg
005016.jpg 6642,6642,005016.jpg
005155.jpg 6145,6145,005155.jpg
005169.jpg 3792,3792,005169.jpg
005171.jpg 4153,4153,005171.jpg
005181.jpg 7779,7779,005181.jpg
005232.jpg 6642,6642,005232.jpg
005326.jpg 2879,2879,005326.jpg
005339.jpg 5604,5604,005339.jpg
005404.jpg 7779,7779,005404.jpg
005413.jpg 5927,5927,005413.jpg
005477.jpg 4153,4153,005477.jpg
005557.jpg 3629,3629,005557.jpg
005601.jpg 7578,7578,005601.jpg
005640.jpg 8216,8216,005640.jpg
005711.jpg 6622,6622,005711.jpg
005852.jpg 8216,8216,005852.jpg
005931.jpg 6622,6622,005931.jpg
006044.jpg 2088,2088,006044.jpg
006313.jpg 8671,8671,006313.jpg
006353.jpg 9181,9181,006353.jpg
006354.jpg 6204,6204,006354.jpg
006422.jpg 3422,3422,006422.jpg
006439.jpg 1,1,006439.jpg
006445.jpg 6817,6817,006445.jpg
006458.jpg 4407,4407,006458.jpg
006460.jpg 2079,2079,006460.jpg
006515.jpg 1499,1499,006515.jpg
006636.jpg 7578,7578,006636.jpg
006689.jpg 6817,6817,006689.jpg
006712.jpg 7779,7779,006712.jpg
006777.jpg 7880,7880,006777.jpg
006848.jpg 8216,8216,006848.jpg
006939.jpg 184,184,006939.jpg
006957.jpg 5230,5230,006957.jpg
007206.jpg 3896,3896,007206.jpg
007212.jpg 2929,2929,007212.jpg
007236.jpg 3785,3785,007236.jpg
007404.jpg 9177,9177,007404.jpg
007420.jpg 6530,6530,007420.jpg
007499.jpg 7191,7191,007499.jpg
007770.jpg 4262,4262,007770.jpg
007868.jpg 10046,10046,007868.jpg
007951.jpg 8216,8216,007951.jpg
008043.jpg 1058,1058,008043.jpg
008059.jpg 8744,8744,008059.jpg
008153.jpg 9177,9177,008153.jpg
008180.jpg 6880,6880,008180.jpg
008201.jpg 9040,9040,008201.jpg
008405.jpg 6446,6446,008405.jpg
008415.jpg 5604,5604,008415.jpg
008424.jpg 4915,4915,008424.jpg
008431.jpg 9295,9295,008431.jpg
008545.jpg 5239,5239,008545.jpg
008585.jpg 612,612,008585.jpg
008747.jpg 2192,2192,008747.jpg
008788.jpg 2192,2192,008788.jpg
008880.jpg 6880,6880,008880.jpg
008926.jpg 13,13,008926.jpg
008949.jpg 7779,7779,008949.jpg
008971.jpg 612,612,008971.jpg
009084.jpg 3670,3670,009084.jpg
009169.jpg 4407,4407,009169.jpg
009287.jpg 2929,2929,009287.jpg
009424.jpg 4153,4153,009424.jpg
009434.jpg 2192,2192,009434.jpg
009529.jpg 1499,1499,009529.jpg
009572.jpg 6642,6642,009572.jpg
009649.jpg 3046,3046,009649.jpg
009677.jpg 8289,8289,009677.jpg
009699.jpg 1446,1446,009699.jpg
009764.jpg 3785,3785,009764.jpg
009774.jpg 5472,5472,009774.jpg
009990.jpg 5239,5239,009990.jpg
010089.jpg 4262,4262,010089.jpg
010102.jpg 4905,4905,010102.jpg
010117.jpg 8216,8216,010117.jpg
010170.jpg 7779,7779,010170.jpg
010191.jpg 5805,5805,010191.jpg
010234.jpg 6318,6318,010234.jpg
010348.jpg 7779,7779,010348.jpg
010516.jpg 612,612,010516.jpg
010606.jpg 7578,7578,010606.jpg
010674.jpg 7880,7880,010674.jpg
010696.jpg 5512,5512,010696.jpg
010885.jpg 6204,6204,010885.jpg
010887.jpg 4125,4125,010887.jpg
010905.jpg 9181,9181,010905.jpg
011105.jpg 5239,5239,011105.jpg
011152.jpg 6817,6817,011152.jpg
011280.jpg 6817,6817,011280.jpg
011297.jpg 6625,6625,011297.jpg
011323.jpg 5300,5300,011323.jpg
011350.jpg 8744,8744,011350.jpg
011370.jpg 1854,1854,011370.jpg
011386.jpg 2879,2879,011386.jpg
011437.jpg 2937,2937,011437.jpg
011528.jpg 4310,4310,011528.jpg
011759.jpg 8671,8671,011759.jpg
011824.jpg 6204,6204,011824.jpg
011872.jpg 6530,6530,011872.jpg
011897.jpg 2807,2807,011897.jpg
011996.jpg 4960,4960,011996.jpg
012103.jpg 4915,4915,012103.jpg
012139.jpg 6746,6746,012139.jpg
012229.jpg 4310,4310,012229.jpg
012588.jpg 5127,5127,012588.jpg
012823.jpg 4153,4153,012823.jpg
012873.jpg 2929,2929,012873.jpg
012880.jpg 3422,3422,012880.jpg
012954.jpg 3403,3403,012954.jpg
012966.jpg 6817,6817,012966.jpg
013045.jpg 5300,5300,013045.jpg
013052.jpg 1539,1539,013052.jpg
013111.jpg 4125,4125,013111.jpg
013226.jpg 6746,6746,013226.jpg
013238.jpg 1446,1446,013238.jpg
013255.jpg 6530,6530,013255.jpg
013398.jpg 8671,8671,013398.jpg
013411.jpg 2807,2807,013411.jpg
013468.jpg 8443,8443,013468.jpg
013478.jpg 4153,4153,013478.jpg
013632.jpg 4125,4125,013632.jpg
013638.jpg 9040,9040,013638.jpg
013676.jpg 5805,5805,013676.jpg
014042.jpg 1,1,014042.jpg
014166.jpg 4262,4262,014166.jpg
014175.jpg 4310,4310,014175.jpg
014179.jpg 612,612,014179.jpg
014202.jpg 667,667,014202.jpg
014228.jpg 1854,1854,014228.jpg
014289.jpg 6446,6446,014289.jpg
014309.jpg 184,184,014309.jpg
014345.jpg 6642,6642,014345.jpg
014427.jpg 9295,9295,014427.jpg
014441.jpg 4385,4385,014441.jpg
014585.jpg 6746,6746,014585.jpg
014600.jpg 3792,3792,014600.jpg
014646.jpg 6622,6622,014646.jpg
014762.jpg 4883,4883,014762.jpg
014842.jpg 4627,4627,014842.jpg
014855.jpg 10144,10144,014855.jpg
014912.jpg 5604,5604,014912.jpg
014976.jpg 10144,10144,014976.jpg
015016.jpg 3422,3422,015016.jpg
015026.jpg 4310,4310,015026.jpg
015066.jpg 5512,5512,015066.jpg
015208.jpg 3316,3316,015208.jpg
015216.jpg 1,1,015216.jpg
015291.jpg 6817,6817,015291.jpg
015336.jpg 9040,9040,015336.jpg
015433.jpg 7191,7191,015433.jpg
015478.jpg 3792,3792,015478.jpg
015567.jpg 4876,4876,015567.jpg
015648.jpg 8692,8692,015648.jpg
015774.jpg 6446,6446,015774.jpg
015934.jpg 1539,1539,015934.jpg
015960.jpg 2079,2079,015960.jpg
016190.jpg 3272,3272,016190.jpg
016223.jpg 1446,1446,016223.jpg
016335.jpg 2937,2937,016335.jpg
016358.jpg 3272,3272,016358.jpg
016510.jpg 3316,3316,016510.jpg
016552.jpg 5927,5927,016552.jpg
016664.jpg 4407,4407,016664.jpg
016680.jpg 9295,9295,016680.jpg
016689.jpg 5927,5927,016689.jpg
016729.jpg 2879,2879,016729.jpg
016730.jpg 8443,8443,016730.jpg
016774.jpg 4905,4905,016774.jpg
016824.jpg 1175,1175,016824.jpg
016890.jpg 9290,9290,016890.jpg
016995.jpg 1499,1499,016995.jpg
017014.jpg 1446,1446,017014.jpg
017020.jpg 7578,7578,017020.jpg
017121.jpg 2937,2937,017121.jpg
017133.jpg 5300,5300,017133.jpg
017246.jpg 667,667,017246.jpg
017286.jpg 5472,5472,017286.jpg
017316.jpg 4883,4883,017316.jpg
017367.jpg 3896,3896,017367.jpg
017423.jpg 7600,7600,017423.jpg
017571.jpg 7081,7081,017571.jpg
017764.jpg 2079,2079,017764.jpg
017784.jpg 9289,9289,017784.jpg
017807.jpg 3670,3670,017807.jpg
017942.jpg 7880,7880,017942.jpg
018062.jpg 2880,2880,018062.jpg
018085.jpg 6530,6530,018085.jpg
018112.jpg 7081,7081,018112.jpg
018118.jpg 9177,9177,018118.jpg
018377.jpg 9290,9290,018377.jpg
018424.jpg 9290,9290,018424.jpg
018487.jpg 8744,8744,018487.jpg
018547.jpg 1854,1854,018547.jpg
018601.jpg 7880,7880,018601.jpg
018625.jpg 6817,6817,018625.jpg
018627.jpg 5127,5127,018627.jpg
018682.jpg 5578,5578,018682.jpg
018749.jpg 4128,4128,018749.jpg
018845.jpg 7191,7191,018845.jpg
018888.jpg 4262,4262,018888.jpg
018911.jpg 2464,2464,018911.jpg
018964.jpg 4153,4153,018964.jpg
019010.jpg 6369,6369,019010.jpg
019015.jpg 3332,3332,019015.jpg
019212.jpg 6446,6446,019212.jpg
019238.jpg 6318,6318,019238.jpg
019554.jpg 9181,9181,019554.jpg
019590.jpg 2079,2079,019590.jpg
019753.jpg 2192,2192,019753.jpg
019760.jpg 1539,1539,019760.jpg
019857.jpg 6530,6530,019857.jpg
019907.jpg 4153,4153,019907.jpg
019973.jpg 268,268,019973.jpg
019985.jpg 3272,3272,019985.jpg
020006.jpg 5512,5512,020006.jpg
020028.jpg 5512,5512,020028.jpg
020452.jpg 1175,1175,020452.jpg
020652.jpg 5230,5230,020652.jpg
020936.jpg 10144,10144,020936.jpg
020982.jpg 9289,9289,020982.jpg
020983.jpg 6318,6318,020983.jpg
020992.jpg 2929,2929,020992.jpg
021035.jpg 8443,8443,021035.jpg
021099.jpg 2088,2088,021099.jpg
021177.jpg 6369,6369,021177.jpg
021190.jpg 4876,4876,021190.jpg
021326.jpg 545,545,021326.jpg
021428.jpg 7880,7880,021428.jpg
021535.jpg 1446,1446,021535.jpg
021573.jpg 7081,7081,021573.jpg
021839.jpg 6318,6318,021839.jpg
021878.jpg 4262,4262,021878.jpg
021879.jpg 3046,3046,021879.jpg
022023.jpg 9642,9642,022023.jpg
022139.jpg 4262,4262,022139.jpg
022175.jpg 5578,5578,022175.jpg
022306.jpg 1058,1058,022306.jpg
022308.jpg 3422,3422,022308.jpg
022359.jpg 3422,3422,022359.jpg
022437.jpg 5512,5512,022437.jpg
022504.jpg 2079,2079,022504.jpg
022511.jpg 10046,10046,022511.jpg
022530.jpg 7600,7600,022530.jpg
022575.jpg 5927,5927,022575.jpg
022601.jpg 5239,5239,022601.jpg
022641.jpg 4905,4905,022641.jpg
022675.jpg 5512,5512,022675.jpg
022730.jpg 3272,3272,022730.jpg
022764.jpg 7578,7578,022764.jpg
022772.jpg 1058,1058,022772.jpg
022777.jpg 10144,10144,022777.jpg
022791.jpg 4262,4262,022791.jpg
022796.jpg 8216,8216,022796.jpg
022827.jpg 6642,6642,022827.jpg
022861.jpg 5127,5127,022861.jpg
023004.jpg 1,1,023004.jpg
023013.jpg 4153,4153,023013.jpg
023150.jpg 8289,8289,023150.jpg
023176.jpg 4128,4128,023176.jpg
023187.jpg 1175,1175,023187.jpg
023225.jpg 4125,4125,023225.jpg
023360.jpg 5300,5300,023360.jpg
023404.jpg 612,612,023404.jpg
023449.jpg 5127,5127,023449.jpg
023505.jpg 3286,3286,023505.jpg
023511.jpg 4627,4627,023511.jpg
023566.jpg 3403,3403,023566.jpg
023617.jpg 4407,4407,023617.jpg
023694.jpg 7880,7880,023694.jpg
023821.jpg 268,268,023821.jpg
023901.jpg 3316,3316,023901.jpg
024031.jpg 4988,4988,024031.jpg
024042.jpg 8216,8216,024042.jpg
024050.jpg 2088,2088,024050.jpg
024072.jpg 6625,6625,024072.jpg
024091.jpg 1,1,024091.jpg
024110.jpg 4883,4883,024110.jpg
024291.jpg 2937,2937,024291.jpg
024324.jpg 4883,4883,024324.jpg
024374.jpg 612,612,024374.jpg
024411.jpg 6530,6530,024411.jpg
024455.jpg 4915,4915,024455.jpg
024587.jpg 6622,6622,024587.jpg
024608.jpg 8671,8671,024608.jpg
024662.jpg 4407,4407,024662.jpg
024685.jpg 266,266,024685.jpg
024758.jpg 1175,1175,024758.jpg
024815.jpg 3792,3792,024815.jpg
024844.jpg 4385,4385,024844.jpg
024893.jpg 2192,2192,024893.jpg
024922.jpg 9177,9177,024922.jpg
025118.jpg 5512,5512,025118.jpg
025244.jpg 2880,2880,025244.jpg
025294.jpg 5472,5472,025294.jpg
025388.jpg 4385,4385,025388.jpg
025500.jpg 6817,6817,025500.jpg
025871.jpg 4262,4262,025871.jpg
025883.jpg 9040,9040,025883.jpg
025903.jpg 5472,5472,025903.jpg
025940.jpg 6746,6746,025940.jpg
026025.jpg 4988,4988,026025.jpg
026041.jpg 9289,9289,026041.jpg
026055.jpg 4988,4988,026055.jpg
026127.jpg 7600,7600,026127.jpg
026162.jpg 9295,9295,026162.jpg
026181.jpg 4960,4960,026181.jpg
026211.jpg 1854,1854,026211.jpg
026325.jpg 4627,4627,026325.jpg
026330.jpg 4310,4310,026330.jpg
026401.jpg 2079,2079,026401.jpg
026466.jpg 2782,2782,026466.jpg
026513.jpg 1499,1499,026513.jpg
026517.jpg 6145,6145,026517.jpg
026539.jpg 9290,9290,026539.jpg
026554.jpg 4128,4128,026554.jpg
026592.jpg 5239,5239,026592.jpg
026626.jpg 1499,1499,026626.jpg
026701.jpg 7578,7578,026701.jpg
026713.jpg 6446,6446,026713.jpg
026804.jpg 4905,4905,026804.jpg
026879.jpg 640,640,026879.jpg
026931.jpg 8216,8216,026931.jpg
026992.jpg 4960,4960,026992.jpg
027056.jpg 5472,5472,027056.jpg
027057.jpg 5805,5805,027057.jpg
027087.jpg 6817,6817,027087.jpg
027207.jpg 6318,6318,027207.jpg
027302.jpg 8289,8289,027302.jpg
027312.jpg 10144,10144,027312.jpg
027404.jpg 5230,5230,027404.jpg
027461.jpg 3272,3272,027461.jpg
027527.jpg 1854,1854,027527.jpg
027559.jpg 5805,5805,027559.jpg
027673.jpg 5472,5472,027673.jpg
027717.jpg 3629,3629,027717.jpg
027771.jpg 2880,2880,027771.jpg
027788.jpg 4385,4385,027788.jpg
027827.jpg 1,1,027827.jpg
027855.jpg 10046,10046,027855.jpg
028030.jpg 8216,8216,028030.jpg
028148.jpg 2782,2782,028148.jpg
028163.jpg 3316,3316,028163.jpg
028178.jpg 2807,2807,028178.jpg
028230.jpg 4125,4125,028230.jpg
028317.jpg 1058,1058,028317.jpg
028560.jpg 2929,2929,028560.jpg
028692.jpg 3286,3286,028692.jpg
028773.jpg 9177,9177,028773.jpg
028776.jpg 3332,3332,028776.jpg
029177.jpg 2782,2782,029177.jpg
029241.jpg 1499,1499,029241.jpg
029247.jpg 5512,5512,029247.jpg
029342.jpg 7779,7779,029342.jpg
029414.jpg 3332,3332,029414.jpg
029446.jpg 4385,4385,029446.jpg
029467.jpg 6625,6625,029467.jpg
029490.jpg 8443,8443,029490.jpg
029531.jpg 7578,7578,029531.jpg
029583.jpg 5805,5805,029583.jpg
029640.jpg 3286,3286,029640.jpg
029804.jpg 5512,5512,029804.jpg
029812.jpg 5230,5230,029812.jpg
029951.jpg 7081,7081,029951.jpg
029996.jpg 7600,7600,029996.jpg
030071.jpg 13,13,030071.jpg
030094.jpg 9177,9177,030094.jpg
030124.jpg 8671,8671,030124.jpg
030159.jpg 6318,6318,030159.jpg
030287.jpg 3670,3670,030287.jpg
030397.jpg 2879,2879,030397.jpg
030445.jpg 5805,5805,030445.jpg
030449.jpg 9642,9642,030449.jpg
030454.jpg 1,1,030454.jpg
030492.jpg 9289,9289,030492.jpg
030656.jpg 1854,1854,030656.jpg
030697.jpg 3046,3046,030697.jpg
030727.jpg 1603,1603,030727.jpg
030868.jpg 4960,4960,030868.jpg
030877.jpg 7191,7191,030877.jpg
030917.jpg 6817,6817,030917.jpg
030942.jpg 1175,1175,030942.jpg
030967.jpg 4407,4407,030967.jpg
031039.jpg 1175,1175,031039.jpg
031176.jpg 3332,3332,031176.jpg
031230.jpg 3670,3670,031230.jpg
031243.jpg 1058,1058,031243.jpg
031458.jpg 4876,4876,031458.jpg
031508.jpg 2879,2879,031508.jpg
031522.jpg 6746,6746,031522.jpg
031541.jpg 2464,2464,031541.jpg
031550.jpg 3422,3422,031550.jpg
031576.jpg 10046,10046,031576.jpg
031775.jpg 6204,6204,031775.jpg
031853.jpg 8443,8443,031853.jpg
031876.jpg 4262,4262,031876.jpg
031993.jpg 7191,7191,031993.jpg
032037.jpg 5512,5512,032037.jpg
032277.jpg 4407,4407,032277.jpg
032404.jpg 1,1,032404.jpg
032482.jpg 3896,3896,032482.jpg
032566.jpg 3272,3272,032566.jpg
032811.jpg 3792,3792,032811.jpg
032843.jpg 9290,9290,032843.jpg
032941.jpg 4262,4262,032941.jpg
032973.jpg 5805,5805,032973.jpg
033042.jpg 6642,6642,033042.jpg
033083.jpg 2192,2192,033083.jpg
033152.jpg 3332,3332,033152.jpg
033233.jpg 6746,6746,033233.jpg
033241.jpg 4385,4385,033241.jpg
033426.jpg 9642,9642,033426.jpg
033449.jpg 1603,1603,033449.jpg
033450.jpg 8671,8671,033450.jpg
033472.jpg 9040,9040,033472.jpg
033489.jpg 9642,9642,033489.jpg
033490.jpg 1,1,033490.jpg
033496.jpg 6446,6446,033496.jpg
033589.jpg 1854,1854,033589.jpg
033621.jpg 1854,1854,033621.jpg
033840.jpg 8692,8692,033840.jpg
033950.jpg 3792,3792,033950.jpg
034104.jpg 2192,2192,034104.jpg
034142.jpg 4310,4310,034142.jpg
034170.jpg 1446,1446,034170.jpg
034205.jpg 4262,4262,034205.jpg
034228.jpg 7081,7081,034228.jpg
034348.jpg 5927,5927,034348.jpg
034390.jpg 7578,7578,034390.jpg
034732.jpg 3403,3403,034732.jpg
034767.jpg 6642,6642,034767.jpg
034776.jpg 4905,4905,034776.jpg
034880.jpg 6880,6880,034880.jpg
034913.jpg 4960,4960,034913.jpg
034914.jpg 9295,9295,034914.jpg
034993.jpg 5300,5300,034993.jpg
035058.jpg 1603,1603,035058.jpg
035074.jpg 6817,6817,035074.jpg
035173.jpg 10046,10046,035173.jpg
035312.jpg 5300,5300,035312.jpg
035417.jpg 9642,9642,035417.jpg
035434.jpg 2464,2464,035434.jpg
035521.jpg 4125,4125,035521.jpg
035550.jpg 9290,9290,035550.jpg
035728.jpg 2879,2879,035728.jpg
035939.jpg 7779,7779,035939.jpg
036102.jpg 4905,4905,036102.jpg
036103.jpg 184,184,036103.jpg
036268.jpg 7600,7600,036268.jpg
036284.jpg 5472,5472,036284.jpg
036322.jpg 4883,4883,036322.jpg
036475.jpg 2464,2464,036475.jpg
036478.jpg 184,184,036478.jpg
036529.jpg 8443,8443,036529.jpg
036538.jpg 545,545,036538.jpg
036552.jpg 5689,5689,036552.jpg
036601.jpg 5472,5472,036601.jpg
036728.jpg 4627,4627,036728.jpg
036797.jpg 2782,2782,036797.jpg
036819.jpg 5472,5472,036819.jpg
036881.jpg 7399,7399,036881.jpg
036909.jpg 6746,6746,036909.jpg
036987.jpg 6746,6746,036987.jpg
037082.jpg 2937,2937,037082.jpg
037092.jpg 7578,7578,037092.jpg
037180.jpg 6622,6622,037180.jpg
037191.jpg 4960,4960,037191.jpg
037221.jpg 5472,5472,037221.jpg
037226.jpg 4905,4905,037226.jpg
037349.jpg 6145,6145,037349.jpg
037480.jpg 5239,5239,037480.jpg
037571.jpg 4960,4960,037571.jpg
037741.jpg 10046,10046,037741.jpg
037812.jpg 2807,2807,037812.jpg
037830.jpg 2929,2929,037830.jpg
037847.jpg 184,184,037847.jpg
038125.jpg 6625,6625,038125.jpg
038130.jpg 6204,6204,038130.jpg
038160.jpg 6369,6369,038160.jpg
038206.jpg 8671,8671,038206.jpg
038239.jpg 5927,5927,038239.jpg
038326.jpg 6642,6642,038326.jpg
038502.jpg 8443,8443,038502.jpg
038601.jpg 667,667,038601.jpg
038642.jpg 2879,2879,038642.jpg
038732.jpg 9290,9290,038732.jpg
038787.jpg 5578,5578,038787.jpg
038887.jpg 8692,8692,038887.jpg
038891.jpg 5689,5689,038891.jpg
038965.jpg 2929,2929,038965.jpg
038969.jpg 9289,9289,038969.jpg
039066.jpg 6880,6880,039066.jpg
039092.jpg 10144,10144,039092.jpg
039303.jpg 4627,4627,039303.jpg
039306.jpg 7081,7081,039306.jpg
039359.jpg 5578,5578,039359.jpg
039393.jpg 2880,2880,039393.jpg
039409.jpg 4905,4905,039409.jpg
039426.jpg 8289,8289,039426.jpg
039438.jpg 266,266,039438.jpg
039447.jpg 4262,4262,039447.jpg
039592.jpg 4876,4876,039592.jpg
039830.jpg 3316,3316,039830.jpg
039909.jpg 7081,7081,039909.jpg
039987.jpg 612,612,039987.jpg
040059.jpg 3670,3670,040059.jpg
040079.jpg 1603,1603,040079.jpg
040214.jpg 266,266,040214.jpg
040312.jpg 3316,3316,040312.jpg
040422.jpg 184,184,040422.jpg
040512.jpg 1603,1603,040512.jpg
040547.jpg 2782,2782,040547.jpg
040627.jpg 6318,6318,040627.jpg
040638.jpg 8744,8744,040638.jpg
040737.jpg 5578,5578,040737.jpg
040904.jpg 4262,4262,040904.jpg
041041.jpg 9181,9181,041041.jpg
041154.jpg 5239,5239,041154.jpg
041166.jpg 5805,5805,041166.jpg
041229.jpg 2192,2192,041229.jpg
041273.jpg 667,667,041273.jpg
041352.jpg 3792,3792,041352.jpg
041379.jpg 1854,1854,041379.jpg
041403.jpg 4407,4407,041403.jpg
041441.jpg 5127,5127,041441.jpg
041519.jpg 6318,6318,041519.jpg
041574.jpg 4128,4128,041574.jpg
041588.jpg 1854,1854,041588.jpg
041678.jpg 612,612,041678.jpg
041736.jpg 4310,4310,041736.jpg
041753.jpg 1175,1175,041753.jpg
041984.jpg 6746,6746,041984.jpg
041998.jpg 1058,1058,041998.jpg
042065.jpg 3785,3785,042065.jpg
042072.jpg 10144,10144,042072.jpg
042104.jpg 3046,3046,042104.jpg
042132.jpg 7081,7081,042132.jpg
042158.jpg 6746,6746,042158.jpg
042318.jpg 6530,6530,042318.jpg
042366.jpg 7880,7880,042366.jpg
042409.jpg 3670,3670,042409.jpg
042424.jpg 3896,3896,042424.jpg
042426.jpg 9177,9177,042426.jpg
042480.jpg 1058,1058,042480.jpg
042602.jpg 6318,6318,042602.jpg
042780.jpg 6145,6145,042780.jpg
042829.jpg 184,184,042829.jpg
042852.jpg 2088,2088,042852.jpg
043002.jpg 545,545,043002.jpg
043041.jpg 5300,5300,043041.jpg
043155.jpg 9040,9040,043155.jpg
043197.jpg 1499,1499,043197.jpg
043216.jpg 9177,9177,043216.jpg
043241.jpg 5927,5927,043241.jpg
043274.jpg 1175,1175,043274.jpg
043340.jpg 1446,1446,043340.jpg
043363.jpg 5230,5230,043363.jpg
043482.jpg 10046,10046,043482.jpg
043521.jpg 9040,9040,043521.jpg
043595.jpg 5689,5689,043595.jpg
043714.jpg 2782,2782,043714.jpg
043833.jpg 3316,3316,043833.jpg
043859.jpg 3046,3046,043859.jpg
044328.jpg 7399,7399,044328.jpg
044370.jpg 1175,1175,044370.jpg
044493.jpg 5239,5239,044493.jpg
044711.jpg 3670,3670,044711.jpg
044719.jpg 8216,8216,044719.jpg
044956.jpg 9295,9295,044956.jpg
045023.jpg 2807,2807,045023.jpg
045191.jpg 2079,2079,045191.jpg
045202.jpg 9181,9181,045202.jpg
045226.jpg 5512,5512,045226.jpg
045259.jpg 4627,4627,045259.jpg
045296.jpg 1175,1175,045296.jpg
045318.jpg 2937,2937,045318.jpg
045445.jpg 9040,9040,045445.jpg
045463.jpg 6622,6622,045463.jpg
045483.jpg 3422,3422,045483.jpg
045668.jpg 6746,6746,045668.jpg
045836.jpg 8744,8744,045836.jpg
045945.jpg 9177,9177,045945.jpg
045958.jpg 6817,6817,045958.jpg
045967.jpg 4988,4988,045967.jpg
045978.jpg 2929,2929,045978.jpg
045998.jpg 9181,9181,045998.jpg
046024.jpg 5127,5127,046024.jpg
046113.jpg 3792,3792,046113.jpg
046126.jpg 7399,7399,046126.jpg
046151.jpg 3792,3792,046151.jpg
046290.jpg 5239,5239,046290.jpg
046315.jpg 2079,2079,046315.jpg
046326.jpg 3046,3046,046326.jpg
046406.jpg 4627,4627,046406.jpg
046408.jpg 2782,2782,046408.jpg
046415.jpg 7399,7399,046415.jpg
046460.jpg 1175,1175,046460.jpg
046478.jpg 1058,1058,046478.jpg
046484.jpg 1499,1499,046484.jpg
046512.jpg 1058,1058,046512.jpg
046514.jpg 3629,3629,046514.jpg
046639.jpg 6145,6145,046639.jpg
046649.jpg 13,13,046649.jpg
046659.jpg 2088,2088,046659.jpg
046844.jpg 2937,2937,046844.jpg
046872.jpg 6817,6817,046872.jpg
046906.jpg 9040,9040,046906.jpg
047098.jpg 6369,6369,047098.jpg
047110.jpg 7081,7081,047110.jpg
047178.jpg 266,266,047178.jpg
047180.jpg 2079,2079,047180.jpg
047281.jpg 3046,3046,047281.jpg
047283.jpg 10144,10144,047283.jpg
047325.jpg 6318,6318,047325.jpg
047443.jpg 1058,1058,047443.jpg
047446.jpg 4385,4385,047446.jpg
047498.jpg 2088,2088,047498.jpg
047542.jpg 3896,3896,047542.jpg
047582.jpg 2782,2782,047582.jpg
047635.jpg 3272,3272,047635.jpg
047640.jpg 4988,4988,047640.jpg
047840.jpg 9177,9177,047840.jpg
047855.jpg 6530,6530,047855.jpg
047978.jpg 2880,2880,047978.jpg
047997.jpg 2464,2464,047997.jpg
048008.jpg 7880,7880,048008.jpg
048242.jpg 5127,5127,048242.jpg
048254.jpg 2079,2079,048254.jpg
048303.jpg 9290,9290,048303.jpg
048331.jpg 2410,2410,048331.jpg
048360.jpg 2937,2937,048360.jpg
048426.jpg 8289,8289,048426.jpg
048489.jpg 10144,10144,048489.jpg
048596.jpg 8216,8216,048596.jpg
048620.jpg 7600,7600,048620.jpg
048652.jpg 8216,8216,048652.jpg
048660.jpg 9040,9040,048660.jpg
048699.jpg 3316,3316,048699.jpg
048787.jpg 612,612,048787.jpg
048794.jpg 3785,3785,048794.jpg
049003.jpg 6145,6145,049003.jpg
049004.jpg 2782,2782,049004.jpg
049125.jpg 1446,1446,049125.jpg
049142.jpg 2880,2880,049142.jpg
049161.jpg 4310,4310,049161.jpg
049165.jpg 5805,5805,049165.jpg
049381.jpg 1,1,049381.jpg
049401.jpg 4153,4153,049401.jpg
049517.jpg 9290,9290,049517.jpg
049697.jpg 4153,4153,049697.jpg
049956.jpg 10046,10046,049956.jpg
049972.jpg 8692,8692,049972.jpg
050018.jpg 2879,2879,050018.jpg
050028.jpg 3670,3670,050028.jpg
050062.jpg 5230,5230,050062.jpg
050130.jpg 7880,7880,050130.jpg
050161.jpg 1499,1499,050161.jpg
050171.jpg 545,545,050171.jpg
050210.jpg 3272,3272,050210.jpg
050270.jpg 9397,9397,050270.jpg
050341.jpg 2079,2079,050341.jpg
050501.jpg 2929,2929,050501.jpg
050663.jpg 7578,7578,050663.jpg
050741.jpg 1499,1499,050741.jpg
050886.jpg 3272,3272,050886.jpg
050902.jpg 3896,3896,050902.jpg
050936.jpg 8744,8744,050936.jpg
050973.jpg 8671,8671,050973.jpg
051028.jpg 1058,1058,051028.jpg
051162.jpg 1,1,051162.jpg
051466.jpg 13,13,051466.jpg
051555.jpg 9040,9040,051555.jpg
051580.jpg 612,612,051580.jpg
051806.jpg 7880,7880,051806.jpg
051818.jpg 7600,7600,051818.jpg
051913.jpg 7880,7880,051913.jpg
051991.jpg 3629,3629,051991.jpg
052155.jpg 4128,4128,052155.jpg
052300.jpg 5230,5230,052300.jpg
052320.jpg 667,667,052320.jpg
052374.jpg 8692,8692,052374.jpg
052385.jpg 2880,2880,052385.jpg
052425.jpg 4988,4988,052425.jpg
052520.jpg 4407,4407,052520.jpg
052600.jpg 2464,2464,052600.jpg
052623.jpg 2880,2880,052623.jpg
052655.jpg 268,268,052655.jpg
052681.jpg 5927,5927,052681.jpg
052790.jpg 8443,8443,052790.jpg
052825.jpg 9040,9040,052825.jpg
052844.jpg 9181,9181,052844.jpg
052963.jpg 6746,6746,052963.jpg
053040.jpg 4627,4627,053040.jpg
053056.jpg 3403,3403,053056.jpg
053184.jpg 2880,2880,053184.jpg
053203.jpg 5512,5512,053203.jpg
053297.jpg 8692,8692,053297.jpg
053311.jpg 2880,2880,053311.jpg
053383.jpg 3896,3896,053383.jpg
053570.jpg 6145,6145,053570.jpg
053601.jpg 6446,6446,053601.jpg
053614.jpg 2192,2192,053614.jpg
053643.jpg 6530,6530,053643.jpg
053720.jpg 5689,5689,053720.jpg
053924.jpg 6446,6446,053924.jpg
054074.jpg 4960,4960,054074.jpg
054332.jpg 8671,8671,054332.jpg
054339.jpg 6145,6145,054339.jpg
054401.jpg 4310,4310,054401.jpg
054544.jpg 6446,6446,054544.jpg
054621.jpg 4407,4407,054621.jpg
054774.jpg 4627,4627,054774.jpg
054785.jpg 6530,6530,054785.jpg
054941.jpg 7578,7578,054941.jpg
055182.jpg 5300,5300,055182.jpg
055280.jpg 6369,6369,055280.jpg
055316.jpg 1058,1058,055316.jpg
055348.jpg 6318,6318,055348.jpg
055450.jpg 2807,2807,055450.jpg
055503.jpg 6622,6622,055503.jpg
055573.jpg 3896,3896,055573.jpg
055639.jpg 6145,6145,055639.jpg
055656.jpg 3422,3422,055656.jpg
055683.jpg 9290,9290,055683.jpg
055708.jpg 3422,3422,055708.jpg
055710.jpg 9040,9040,055710.jpg
055789.jpg 5230,5230,055789.jpg
055831.jpg 2088,2088,055831.jpg
055834.jpg 2880,2880,055834.jpg
055891.jpg 2937,2937,055891.jpg
056181.jpg 1499,1499,056181.jpg
056247.jpg 4125,4125,056247.jpg
056279.jpg 1,1,056279.jpg
056315.jpg 2879,2879,056315.jpg
056333.jpg 1058,1058,056333.jpg
056344.jpg 4407,4407,056344.jpg
056367.jpg 9289,9289,056367.jpg
056546.jpg 612,612,056546.jpg
056636.jpg 5127,5127,056636.jpg
056928.jpg 1446,1446,056928.jpg
056959.jpg 6318,6318,056959.jpg
057028.jpg 8216,8216,057028.jpg
057051.jpg 3670,3670,057051.jpg
057055.jpg 640,640,057055.jpg
057090.jpg 5230,5230,057090.jpg
057124.jpg 3332,3332,057124.jpg
057357.jpg 2937,2937,057357.jpg
057364.jpg 1175,1175,057364.jpg
057404.jpg 9642,9642,057404.jpg
057460.jpg 5805,5805,057460.jpg
057503.jpg 6369,6369,057503.jpg
057585.jpg 4883,4883,057585.jpg
057680.jpg 5239,5239,057680.jpg
057719.jpg 5604,5604,057719.jpg
057750.jpg 8744,8744,057750.jpg
057903.jpg 2410,2410,057903.jpg
057940.jpg 4310,4310,057940.jpg
057954.jpg 4876,4876,057954.jpg
058079.jpg 9177,9177,058079.jpg
058086.jpg 6446,6446,058086.jpg
058112.jpg 1603,1603,058112.jpg
058145.jpg 1603,1603,058145.jpg
058188.jpg 2880,2880,058188.jpg
058209.jpg 2937,2937,058209.jpg
058306.jpg 1603,1603,058306.jpg
058346.jpg 1603,1603,058346.jpg
058400.jpg 2937,2937,058400.jpg
058451.jpg 4915,4915,058451.jpg
058633.jpg 4960,4960,058633.jpg
058733.jpg 6622,6622,058733.jpg
058749.jpg 4960,4960,058749.jpg
058840.jpg 3286,3286,058840.jpg
058970.jpg 9642,9642,058970.jpg
059028.jpg 7191,7191,059028.jpg
059058.jpg 2079,2079,059058.jpg
059176.jpg 6622,6622,059176.jpg
059360.jpg 612,612,059360.jpg
059482.jpg 8744,8744,059482.jpg
059519.jpg 4262,4262,059519.jpg
059559.jpg 6446,6446,059559.jpg
059638.jpg 2937,2937,059638.jpg
059715.jpg 4960,4960,059715.jpg
059746.jpg 5127,5127,059746.jpg
059816.jpg 6530,6530,059816.jpg
059916.jpg 2782,2782,059916.jpg
060006.jpg 5689,5689,060006.jpg
060137.jpg 184,184,060137.jpg
060164.jpg 7399,7399,060164.jpg
060167.jpg 10046,10046,060167.jpg
060178.jpg 7578,7578,060178.jpg
060214.jpg 2192,2192,060214.jpg
060278.jpg 6642,6642,060278.jpg
060359.jpg 266,266,060359.jpg
060584.jpg 5239,5239,060584.jpg
060658.jpg 4310,4310,060658.jpg
060709.jpg 3785,3785,060709.jpg
060746.jpg 184,184,060746.jpg
060811.jpg 6446,6446,060811.jpg
060873.jpg 6642,6642,060873.jpg
060925.jpg 2937,2937,060925.jpg
061069.jpg 8692,8692,061069.jpg
061254.jpg 6145,6145,061254.jpg
061274.jpg 13,13,061274.jpg
061310.jpg 7779,7779,061310.jpg
061345.jpg 4125,4125,061345.jpg
061385.jpg 268,268,061385.jpg
061431.jpg 2880,2880,061431.jpg
061528.jpg 3286,3286,061528.jpg
061670.jpg 6145,6145,061670.jpg
061671.jpg 3316,3316,061671.jpg
061859.jpg 2088,2088,061859.jpg
061891.jpg 4988,4988,061891.jpg
062069.jpg 4627,4627,062069.jpg
062181.jpg 7081,7081,062181.jpg
062217.jpg 7399,7399,062217.jpg
062261.jpg 7779,7779,062261.jpg
062586.jpg 5300,5300,062586.jpg
062605.jpg 3896,3896,062605.jpg
062793.jpg 4960,4960,062793.jpg
062872.jpg 9397,9397,062872.jpg
062906.jpg 2464,2464,062906.jpg
062937.jpg 5512,5512,062937.jpg
063000.jpg 5604,5604,063000.jpg
063220.jpg 3272,3272,063220.jpg
063242.jpg 2937,2937,063242.jpg
063278.jpg 3046,3046,063278.jpg
063320.jpg 3896,3896,063320.jpg
063364.jpg 5578,5578,063364.jpg
063407.jpg 3670,3670,063407.jpg
063616.jpg 2937,2937,063616.jpg
063657.jpg 2782,2782,063657.jpg
063739.jpg 4883,4883,063739.jpg
063762.jpg 5512,5512,063762.jpg
063790.jpg 9181,9181,063790.jpg
063810.jpg 4627,4627,063810.jpg
063814.jpg 9642,9642,063814.jpg
063864.jpg 4883,4883,063864.jpg
063919.jpg 4876,4876,063919.jpg
063963.jpg 4125,4125,063963.jpg
063969.jpg 6746,6746,063969.jpg
063975.jpg 6369,6369,063975.jpg
064070.jpg 1175,1175,064070.jpg
064180.jpg 3670,3670,064180.jpg
064189.jpg 9290,9290,064189.jpg
064365.jpg 6145,6145,064365.jpg
064372.jpg 3286,3286,064372.jpg
064398.jpg 3332,3332,064398.jpg
064500.jpg 545,545,064500.jpg
064519.jpg 9177,9177,064519.jpg
064538.jpg 1,1,064538.jpg
064548.jpg 7399,7399,064548.jpg
064640.jpg 9295,9295,064640.jpg
064893.jpg 7081,7081,064893.jpg
064894.jpg 4262,4262,064894.jpg
064980.jpg 5230,5230,064980.jpg
065014.jpg 1854,1854,065014.jpg
065037.jpg 7081,7081,065037.jpg
065183.jpg 3792,3792,065183.jpg
065211.jpg 2079,2079,065211.jpg
065339.jpg 10144,10144,065339.jpg
065348.jpg 2807,2807,065348.jpg
065370.jpg 3896,3896,065370.jpg
065481.jpg 4876,4876,065481.jpg
065488.jpg 9181,9181,065488.jpg
065523.jpg 6145,6145,065523.jpg
065540.jpg 266,266,065540.jpg
065556.jpg 545,545,065556.jpg
065585.jpg 5239,5239,065585.jpg
065629.jpg 4960,4960,065629.jpg
065685.jpg 7191,7191,065685.jpg
065719.jpg 4876,4876,065719.jpg
065762.jpg 2807,2807,065762.jpg
065783.jpg 8289,8289,065783.jpg
065899.jpg 2929,2929,065899.jpg
066128.jpg 1603,1603,066128.jpg
066382.jpg 1499,1499,066382.jpg
066448.jpg 9295,9295,066448.jpg
066486.jpg 6446,6446,066486.jpg
066533.jpg 9289,9289,066533.jpg
066555.jpg 6204,6204,066555.jpg
066722.jpg 2079,2079,066722.jpg
066753.jpg 8744,8744,066753.jpg
066809.jpg 2937,2937,066809.jpg
066864.jpg 3046,3046,066864.jpg
066899.jpg 6318,6318,066899.jpg
067085.jpg 2088,2088,067085.jpg
067097.jpg 4310,4310,067097.jpg
067117.jpg 4915,4915,067117.jpg
067130.jpg 4125,4125,067130.jpg
067153.jpg 6642,6642,067153.jpg
067176.jpg 5689,5689,067176.jpg
067292.jpg 7880,7880,067292.jpg
067339.jpg 3332,3332,067339.jpg
067423.jpg 4310,4310,067423.jpg
067529.jpg 2879,2879,067529.jpg
067571.jpg 10046,10046,067571.jpg
067607.jpg 6622,6622,067607.jpg
067642.jpg 8443,8443,067642.jpg
067685.jpg 6145,6145,067685.jpg
067689.jpg 667,667,067689.jpg
067807.jpg 1,1,067807.jpg
067837.jpg 4876,4876,067837.jpg
067855.jpg 1,1,067855.jpg
067900.jpg 1539,1539,067900.jpg
067932.jpg 2410,2410,067932.jpg
068022.jpg 5927,5927,068022.jpg
068065.jpg 9289,9289,068065.jpg
068086.jpg 5472,5472,068086.jpg
068154.jpg 2880,2880,068154.jpg
068169.jpg 1,1,068169.jpg
068220.jpg 4385,4385,068220.jpg
068273.jpg 1446,1446,068273.jpg
068312.jpg 6880,6880,068312.jpg
068314.jpg 9295,9295,068314.jpg
068329.jpg 13,13,068329.jpg
068331.jpg 5578,5578,068331.jpg
068390.jpg 6318,6318,068390.jpg
068400.jpg 3785,3785,068400.jpg
068468.jpg 2929,2929,068468.jpg
068497.jpg 5239,5239,068497.jpg
068544.jpg 3896,3896,068544.jpg
068634.jpg 1446,1446,068634.jpg
068650.jpg 5805,5805,068650.jpg
068795.jpg 1175,1175,068795.jpg
068806.jpg 5127,5127,068806.jpg
068862.jpg 5472,5472,068862.jpg
068883.jpg 2929,2929,068883.jpg
068909.jpg 2079,2079,068909.jpg
068937.jpg 9290,9290,068937.jpg
069078.jpg 5604,5604,069078.jpg
069081.jpg 7399,7399,069081.jpg
069104.jpg 5689,5689,069104.jpg
069254.jpg 8289,8289,069254.jpg
069382.jpg 4960,4960,069382.jpg
069458.jpg 8692,8692,069458.jpg
069522.jpg 5927,5927,069522.jpg
069596.jpg 7578,7578,069596.jpg
069662.jpg 1603,1603,069662.jpg
069914.jpg 3792,3792,069914.jpg
069924.jpg 5512,5512,069924.jpg
070138.jpg 4153,4153,070138.jpg
070164.jpg 4905,4905,070164.jpg
070233.jpg 4915,4915,070233.jpg
070248.jpg 6446,6446,070248.jpg
070316.jpg 6746,6746,070316.jpg
070365.jpg 9289,9289,070365.jpg
070408.jpg 13,13,070408.jpg
070480.jpg 8692,8692,070480.jpg
070510.jpg 6369,6369,070510.jpg
070557.jpg 6642,6642,070557.jpg
070558.jpg 4125,4125,070558.jpg
070606.jpg 3403,3403,070606.jpg
070709.jpg 1446,1446,070709.jpg
070899.jpg 5127,5127,070899.jpg
070952.jpg 6530,6530,070952.jpg
071103.jpg 2192,2192,071103.jpg
071209.jpg 1603,1603,071209.jpg
071426.jpg 1854,1854,071426.jpg
071486.jpg 4876,4876,071486.jpg
071572.jpg 5805,5805,071572.jpg
071608.jpg 6746,6746,071608.jpg
071752.jpg 3046,3046,071752.jpg
071802.jpg 5512,5512,071802.jpg
072071.jpg 1854,1854,072071.jpg
072083.jpg 1446,1446,072083.jpg
072148.jpg 3629,3629,072148.jpg
072331.jpg 1499,1499,072331.jpg
072413.jpg 6530,6530,072413.jpg
072585.jpg 1603,1603,072585.jpg
072619.jpg 5127,5127,072619.jpg
072756.jpg 4125,4125,072756.jpg
072804.jpg 7880,7880,072804.jpg
072826.jpg 2879,2879,072826.jpg
072993.jpg 1175,1175,072993.jpg
073086.jpg 545,545,073086.jpg
073151.jpg 268,268,073151.jpg
073319.jpg 2807,2807,073319.jpg
073331.jpg 10144,10144,073331.jpg
073407.jpg 3629,3629,073407.jpg
073429.jpg 6145,6145,073429.jpg
073538.jpg 9177,9177,073538.jpg
073541.jpg 9397,9397,073541.jpg
073638.jpg 7600,7600,073638.jpg
073665.jpg 8692,8692,073665.jpg
073676.jpg 2782,2782,073676.jpg
073820.jpg 6204,6204,073820.jpg
073896.jpg 4153,4153,073896.jpg
074051.jpg 5472,5472,074051.jpg
074102.jpg 6204,6204,074102.jpg
074300.jpg 3332,3332,074300.jpg
074348.jpg 2782,2782,074348.jpg
074451.jpg 6145,6145,074451.jpg
074502.jpg 612,612,074502.jpg
074632.jpg 3332,3332,074632.jpg
074645.jpg 7779,7779,074645.jpg
074658.jpg 4125,4125,074658.jpg
074691.jpg 8692,8692,074691.jpg
074762.jpg 2079,2079,074762.jpg
074908.jpg 8692,8692,074908.jpg
074975.jpg 10144,10144,074975.jpg
074995.jpg 6369,6369,074995.jpg
075004.jpg 2929,2929,075004.jpg
075008.jpg 4876,4876,075008.jpg
075087.jpg 7578,7578,075087.jpg
075089.jpg 2464,2464,075089.jpg
075140.jpg 3403,3403,075140.jpg
075158.jpg 4153,4153,075158.jpg
075308.jpg 4153,4153,075308.jpg
075317.jpg 5805,5805,075317.jpg
075388.jpg 5300,5300,075388.jpg
075488.jpg 667,667,075488.jpg
075605.jpg 3046,3046,075605.jpg
075650.jpg 612,612,075650.jpg
075799.jpg 3792,3792,075799.jpg
075810.jpg 9040,9040,075810.jpg
075866.jpg 7191,7191,075866.jpg
076092.jpg 2192,2192,076092.jpg
076152.jpg 9290,9290,076152.jpg
076227.jpg 4407,4407,076227.jpg
076250.jpg 1603,1603,076250.jpg
076566.jpg 4153,4153,076566.jpg
076594.jpg 3332,3332,076594.jpg
076595.jpg 5578,5578,076595.jpg
076673.jpg 2879,2879,076673.jpg
076761.jpg 9642,9642,076761.jpg
076802.jpg 9289,9289,076802.jpg
076881.jpg 4310,4310,076881.jpg
076907.jpg 4905,4905,076907.jpg
076998.jpg 6145,6145,076998.jpg
077058.jpg 4988,4988,077058.jpg
077123.jpg 5239,5239,077123.jpg
077170.jpg 4988,4988,077170.jpg
077311.jpg 9040,9040,077311.jpg
077346.jpg 2937,2937,077346.jpg
077417.jpg 7880,7880,077417.jpg
077536.jpg 2464,2464,077536.jpg
077577.jpg 3422,3422,077577.jpg
077638.jpg 10144,10144,077638.jpg
077656.jpg 3422,3422,077656.jpg
077737.jpg 2079,2079,077737.jpg
077782.jpg 7880,7880,077782.jpg
077951.jpg 4385,4385,077951.jpg
078049.jpg 10144,10144,078049.jpg
078119.jpg 5512,5512,078119.jpg
078125.jpg 2929,2929,078125.jpg
078225.jpg 4905,4905,078225.jpg
078394.jpg 2879,2879,078394.jpg
078485.jpg 5689,5689,078485.jpg
078539.jpg 10046,10046,078539.jpg
078696.jpg 545,545,078696.jpg
078783.jpg 4915,4915,078783.jpg
079054.jpg 268,268,079054.jpg
079205.jpg 6204,6204,079205.jpg
079216.jpg 6642,6642,079216.jpg
079295.jpg 5805,5805,079295.jpg
079367.jpg 8216,8216,079367.jpg
079411.jpg 4310,4310,079411.jpg
079439.jpg 268,268,079439.jpg
079721.jpg 8216,8216,079721.jpg
079723.jpg 8692,8692,079723.jpg
079796.jpg 6369,6369,079796.jpg
079823.jpg 4876,4876,079823.jpg
079885.jpg 5578,5578,079885.jpg
079891.jpg 6817,6817,079891.jpg
079936.jpg 9295,9295,079936.jpg
079968.jpg 1175,1175,079968.jpg
080010.jpg 2192,2192,080010.jpg
080038.jpg 181,181,080038.jpg
080127.jpg 7191,7191,080127.jpg
080243.jpg 4128,4128,080243.jpg
080623.jpg 3629,3629,080623.jpg
080649.jpg 2929,2929,080649.jpg
080727.jpg 5239,5239,080727.jpg
080749.jpg 4988,4988,080749.jpg
080917.jpg 5512,5512,080917.jpg
080925.jpg 9177,9177,080925.jpg
081366.jpg 9181,9181,081366.jpg
081397.jpg 3332,3332,081397.jpg
081410.jpg 5300,5300,081410.jpg
081426.jpg 7399,7399,081426.jpg
081466.jpg 4988,4988,081466.jpg
081598.jpg 6530,6530,081598.jpg
081675.jpg 4988,4988,081675.jpg
081770.jpg 7880,7880,081770.jpg
081787.jpg 7191,7191,081787.jpg
081918.jpg 2192,2192,081918.jpg
082008.jpg 7081,7081,082008.jpg
082025.jpg 3332,3332,082025.jpg
082151.jpg 4883,4883,082151.jpg
082164.jpg 9289,9289,082164.jpg
082176.jpg 4988,4988,082176.jpg
082241.jpg 4385,4385,082241.jpg
082287.jpg 5578,5578,082287.jpg
082306.jpg 3785,3785,082306.jpg
082445.jpg 1854,1854,082445.jpg
082505.jpg 6204,6204,082505.jpg
082534.jpg 10046,10046,082534.jpg
082565.jpg 3896,3896,082565.jpg
082621.jpg 9290,9290,082621.jpg
082634.jpg 10144,10144,082634.jpg
082762.jpg 5805,5805,082762.jpg
082790.jpg 3332,3332,082790.jpg
082819.jpg 2192,2192,082819.jpg
082829.jpg 10144,10144,082829.jpg
082841.jpg 3272,3272,082841.jpg
082858.jpg 2879,2879,082858.jpg
082872.jpg 9040,9040,082872.jpg
082895.jpg 1603,1603,082895.jpg
082965.jpg 7081,7081,082965.jpg
082974.jpg 4310,4310,082974.jpg
083040.jpg 5239,5239,083040.jpg
083053.jpg 7191,7191,083053.jpg
083054.jpg 5578,5578,083054.jpg
083119.jpg 9181,9181,083119.jpg
083124.jpg 6530,6530,083124.jpg
083360.jpg 4988,4988,083360.jpg
083414.jpg 8289,8289,083414.jpg
083436.jpg 268,268,083436.jpg
083477.jpg 1854,1854,083477.jpg
083588.jpg 5805,5805,083588.jpg
083870.jpg 3272,3272,083870.jpg
084116.jpg 4310,4310,084116.jpg
084160.jpg 6204,6204,084160.jpg
084184.jpg 10144,10144,084184.jpg
084233.jpg 3046,3046,084233.jpg
084418.jpg 8692,8692,084418.jpg
084436.jpg 2079,2079,084436.jpg
084605.jpg 6817,6817,084605.jpg
084630.jpg 5230,5230,084630.jpg
084637.jpg 5239,5239,084637.jpg
084679.jpg 2192,2192,084679.jpg
084705.jpg 2880,2880,084705.jpg
084849.jpg 3670,3670,084849.jpg
084860.jpg 2464,2464,084860.jpg
084870.jpg 9177,9177,084870.jpg
084973.jpg 545,545,084973.jpg
085006.jpg 4153,4153,085006.jpg
085015.jpg 545,545,085015.jpg
085121.jpg 4960,4960,085121.jpg
085171.jpg 4876,4876,085171.jpg
085367.jpg 4627,4627,085367.jpg
085370.jpg 3629,3629,085370.jpg
085407.jpg 4915,4915,085407.jpg
085543.jpg 7191,7191,085543.jpg
085586.jpg 9181,9181,085586.jpg
085615.jpg 4385,4385,085615.jpg
085647.jpg 9177,9177,085647.jpg
085767.jpg 184,184,085767.jpg
085813.jpg 268,268,085813.jpg
085980.jpg 5927,5927,085980.jpg
085993.jpg 3316,3316,085993.jpg
086157.jpg 3272,3272,086157.jpg
086208.jpg 8692,8692,086208.jpg
086231.jpg 7600,7600,086231.jpg
086238.jpg 4883,4883,086238.jpg
086282.jpg 7081,7081,086282.jpg
086346.jpg 4960,4960,086346.jpg
086536.jpg 7779,7779,086536.jpg
086559.jpg 1175,1175,086559.jpg
086590.jpg 3316,3316,086590.jpg
086609.jpg 1603,1603,086609.jpg
086633.jpg 7399,7399,086633.jpg
086780.jpg 4262,4262,086780.jpg
086900.jpg 4262,4262,086900.jpg
087026.jpg 4915,4915,087026.jpg
087041.jpg 6746,6746,087041.jpg
087059.jpg 3332,3332,087059.jpg
087108.jpg 3670,3670,087108.jpg
087140.jpg 8443,8443,087140.jpg
087189.jpg 3286,3286,087189.jpg
087476.jpg 3670,3670,087476.jpg
087503.jpg 1,1,087503.jpg
087519.jpg 5578,5578,087519.jpg
087551.jpg 8216,8216,087551.jpg
087580.jpg 9397,9397,087580.jpg
087703.jpg 6318,6318,087703.jpg
087725.jpg 7578,7578,087725.jpg
087763.jpg 3332,3332,087763.jpg
087912.jpg 9040,9040,087912.jpg
087940.jpg 8692,8692,087940.jpg
087971.jpg 3670,3670,087971.jpg
088136.jpg 4915,4915,088136.jpg
088186.jpg 9295,9295,088186.jpg
088242.jpg 7578,7578,088242.jpg
088434.jpg 268,268,088434.jpg
088606.jpg 1175,1175,088606.jpg
088720.jpg 5689,5689,088720.jpg
088722.jpg 5127,5127,088722.jpg
088726.jpg 9289,9289,088726.jpg
088861.jpg 3316,3316,088861.jpg
089038.jpg 8671,8671,089038.jpg
089053.jpg 667,667,089053.jpg
089066.jpg 4988,4988,089066.jpg
089166.jpg 3792,3792,089166.jpg
089323.jpg 4960,4960,089323.jpg
089334.jpg 7779,7779,089334.jpg
089365.jpg 6880,6880,089365.jpg
089389.jpg 4407,4407,089389.jpg
089400.jpg 2929,2929,089400.jpg
089441.jpg 4407,4407,089441.jpg
089720.jpg 3286,3286,089720.jpg
090164.jpg 612,612,090164.jpg
090265.jpg 5604,5604,090265.jpg
090328.jpg 4407,4407,090328.jpg
090407.jpg 4876,4876,090407.jpg
090590.jpg 3046,3046,090590.jpg
090634.jpg 6369,6369,090634.jpg
090695.jpg 2088,2088,090695.jpg
090771.jpg 4960,4960,090771.jpg
090781.jpg 1,1,090781.jpg
090817.jpg 8443,8443,090817.jpg
090845.jpg 1446,1446,090845.jpg
090853.jpg 181,181,090853.jpg
090937.jpg 2880,2880,090937.jpg
090985.jpg 3316,3316,090985.jpg
091200.jpg 2192,2192,091200.jpg
091232.jpg 4407,4407,091232.jpg
091241.jpg 545,545,091241.jpg
091248.jpg 5805,5805,091248.jpg
091250.jpg 5512,5512,091250.jpg
091262.jpg 5472,5472,091262.jpg
091274.jpg 5472,5472,091274.jpg
091326.jpg 3403,3403,091326.jpg
091515.jpg 3316,3316,091515.jpg
091565.jpg 6746,6746,091565.jpg
091637.jpg 4960,4960,091637.jpg
091656.jpg 5472,5472,091656.jpg
091815.jpg 3272,3272,091815.jpg
092035.jpg 1603,1603,092035.jpg
092070.jpg 6369,6369,092070.jpg
092115.jpg 8692,8692,092115.jpg
092116.jpg 6622,6622,092116.jpg
092118.jpg 5472,5472,092118.jpg
092200.jpg 3332,3332,092200.jpg
092281.jpg 8671,8671,092281.jpg
092289.jpg 6642,6642,092289.jpg
092324.jpg 545,545,092324.jpg
092379.jpg 6318,6318,092379.jpg
092413.jpg 3629,3629,092413.jpg
092463.jpg 5472,5472,092463.jpg
092468.jpg 4883,4883,092468.jpg
092513.jpg 2879,2879,092513.jpg
092550.jpg 1058,1058,092550.jpg
092588.jpg 10046,10046,092588.jpg
092597.jpg 268,268,092597.jpg
092664.jpg 7578,7578,092664.jpg
092704.jpg 4915,4915,092704.jpg
092720.jpg 5512,5512,092720.jpg
092728.jpg 1603,1603,092728.jpg
092811.jpg 6642,6642,092811.jpg
092907.jpg 2782,2782,092907.jpg
092953.jpg 3272,3272,092953.jpg
093018.jpg 184,184,093018.jpg
093091.jpg 7578,7578,093091.jpg
093176.jpg 4262,4262,093176.jpg
093349.jpg 13,13,093349.jpg
093442.jpg 5927,5927,093442.jpg
093582.jpg 7081,7081,093582.jpg
093743.jpg 7399,7399,093743.jpg
093772.jpg 2464,2464,093772.jpg
093814.jpg 3422,3422,093814.jpg
093875.jpg 13,13,093875.jpg
093918.jpg 8671,8671,093918.jpg
093947.jpg 3046,3046,093947.jpg
094166.jpg 7880,7880,094166.jpg
094195.jpg 6642,6642,094195.jpg
094215.jpg 2879,2879,094215.jpg
094324.jpg 5578,5578,094324.jpg
094325.jpg 5472,5472,094325.jpg
094376.jpg 9289,9289,094376.jpg
094505.jpg 4876,4876,094505.jpg
094528.jpg 1539,1539,094528.jpg
094532.jpg 3896,3896,094532.jpg
094557.jpg 8443,8443,094557.jpg
094563.jpg 612,612,094563.jpg
094619.jpg 545,545,094619.jpg
094666.jpg 545,545,094666.jpg
094784.jpg 3629,3629,094784.jpg
094797.jpg 8443,8443,094797.jpg
094867.jpg 3272,3272,094867.jpg
094993.jpg 8216,8216,094993.jpg
095104.jpg 8216,8216,095104.jpg
095188.jpg 8744,8744,095188.jpg
095229.jpg 6145,6145,095229.jpg
095244.jpg 2807,2807,095244.jpg
095313.jpg 3896,3896,095313.jpg
095317.jpg 2410,2410,095317.jpg
095372.jpg 3792,3792,095372.jpg
095514.jpg 4883,4883,095514.jpg
095666.jpg 5578,5578,095666.jpg
095670.jpg 4262,4262,095670.jpg
095758.jpg 1058,1058,095758.jpg
095867.jpg 2937,2937,095867.jpg
095869.jpg 3332,3332,095869.jpg
095963.jpg 5604,5604,095963.jpg
096070.jpg 7600,7600,096070.jpg
096181.jpg 9290,9290,096181.jpg
096282.jpg 2807,2807,096282.jpg
096324.jpg 2880,2880,096324.jpg
096355.jpg 7578,7578,096355.jpg
096392.jpg 4988,4988,096392.jpg
096413.jpg 9397,9397,096413.jpg
096418.jpg 13,13,096418.jpg
096514.jpg 7779,7779,096514.jpg
096551.jpg 2464,2464,096551.jpg
096685.jpg 4905,4905,096685.jpg
096798.jpg 1854,1854,096798.jpg
096904.jpg 9040,9040,096904.jpg
096915.jpg 667,667,096915.jpg
097010.jpg 8744,8744,097010.jpg
097037.jpg 8443,8443,097037.jpg
097259.jpg 4915,4915,097259.jpg
097305.jpg 5578,5578,097305.jpg
097344.jpg 5689,5689,097344.jpg
097517.jpg 1446,1446,097517.jpg
097575.jpg 4125,4125,097575.jpg
097608.jpg 8443,8443,097608.jpg
097831.jpg 1175,1175,097831.jpg
097897.jpg 6642,6642,097897.jpg
097961.jpg 4915,4915,097961.jpg
098241.jpg 4883,4883,098241.jpg
098293.jpg 13,13,098293.jpg
098320.jpg 6746,6746,098320.jpg
098363.jpg 5689,5689,098363.jpg
098396.jpg 4310,4310,098396.jpg
098502.jpg 4385,4385,098502.jpg
098661.jpg 1603,1603,098661.jpg
098670.jpg 4960,4960,098670.jpg
098741.jpg 3316,3316,098741.jpg
098853.jpg 8443,8443,098853.jpg
098893.jpg 667,667,098893.jpg
098903.jpg 1603,1603,098903.jpg
099019.jpg 545,545,099019.jpg
099039.jpg 1854,1854,099039.jpg
099107.jpg 4262,4262,099107.jpg
099187.jpg 6625,6625,099187.jpg
099220.jpg 3785,3785,099220.jpg
099341.jpg 9290,9290,099341.jpg
099375.jpg 1058,1058,099375.jpg
099382.jpg 3403,3403,099382.jpg
099411.jpg 6622,6622,099411.jpg
099415.jpg 8289,8289,099415.jpg
099427.jpg 13,13,099427.jpg
099484.jpg 5927,5927,099484.jpg
099742.jpg 7081,7081,099742.jpg
099769.jpg 5300,5300,099769.jpg
099787.jpg 4960,4960,099787.jpg
099844.jpg 7399,7399,099844.jpg
099877.jpg 2937,2937,099877.jpg
099956.jpg 8744,8744,099956.jpg
099998.jpg 4905,4905,099998.jpg
100060.jpg 5689,5689,100060.jpg
100077.jpg 3316,3316,100077.jpg
100110.jpg 7880,7880,100110.jpg
100132.jpg 2464,2464,100132.jpg
100134.jpg 8216,8216,100134.jpg
100270.jpg 4905,4905,100270.jpg
100326.jpg 2879,2879,100326.jpg
100336.jpg 7779,7779,100336.jpg
100485.jpg 2879,2879,100485.jpg
100684.jpg 2879,2879,100684.jpg
100810.jpg 7779,7779,100810.jpg
100919.jpg 5578,5578,100919.jpg
100936.jpg 9181,9181,100936.jpg
100981.jpg 612,612,100981.jpg
100990.jpg 2880,2880,100990.jpg
101030.jpg 1854,1854,101030.jpg
101123.jpg 6204,6204,101123.jpg
101154.jpg 6530,6530,101154.jpg
101227.jpg 667,667,101227.jpg
101238.jpg 6318,6318,101238.jpg
101270.jpg 4960,4960,101270.jpg
101315.jpg 4627,4627,101315.jpg
101345.jpg 3332,3332,101345.jpg
101391.jpg 4905,4905,101391.jpg
101406.jpg 4310,4310,101406.jpg
101491.jpg 2879,2879,101491.jpg
101537.jpg 6622,6622,101537.jpg
101657.jpg 266,266,101657.jpg
101660.jpg 5239,5239,101660.jpg
101759.jpg 8692,8692,101759.jpg
101779.jpg 3792,3792,101779.jpg
101782.jpg 4125,4125,101782.jpg
101798.jpg 10046,10046,101798.jpg
101833.jpg 4407,4407,101833.jpg
101868.jpg 1539,1539,101868.jpg
101964.jpg 6204,6204,101964.jpg
102088.jpg 13,13,102088.jpg
102191.jpg 8692,8692,102191.jpg
102210.jpg 3785,3785,102210.jpg
102320.jpg 2192,2192,102320.jpg
102372.jpg 2807,2807,102372.jpg
102399.jpg 3670,3670,102399.jpg
102516.jpg 2807,2807,102516.jpg
102683.jpg 5127,5127,102683.jpg
102737.jpg 612,612,102737.jpg
102751.jpg 6145,6145,102751.jpg
102960.jpg 2807,2807,102960.jpg
103093.jpg 612,612,103093.jpg
103107.jpg 2192,2192,103107.jpg
103127.jpg 4407,4407,103127.jpg
103197.jpg 3046,3046,103197.jpg
103561.jpg 5805,5805,103561.jpg
103597.jpg 10144,10144,103597.jpg
103673.jpg 10144,10144,103673.jpg
103728.jpg 2880,2880,103728.jpg
103768.jpg 4627,4627,103768.jpg
103770.jpg 4153,4153,103770.jpg
103800.jpg 5689,5689,103800.jpg
103956.jpg 3332,3332,103956.jpg
104109.jpg 6622,6622,104109.jpg
104118.jpg 1539,1539,104118.jpg
104129.jpg 6204,6204,104129.jpg
104272.jpg 6204,6204,104272.jpg
104421.jpg 2079,2079,104421.jpg
104605.jpg 9295,9295,104605.jpg
104631.jpg 1446,1446,104631.jpg
104663.jpg 3316,3316,104663.jpg
104677.jpg 3422,3422,104677.jpg
104734.jpg 6318,6318,104734.jpg
104762.jpg 2464,2464,104762.jpg
104810.jpg 3316,3316,104810.jpg
104868.jpg 2410,2410,104868.jpg
105006.jpg 3332,3332,105006.jpg
105007.jpg 7191,7191,105007.jpg
105008.jpg 4153,4153,105008.jpg
105181.jpg 6642,6642,105181.jpg
105287.jpg 2937,2937,105287.jpg
105293.jpg 3670,3670,105293.jpg
105383.jpg 2807,2807,105383.jpg
105417.jpg 4407,4407,105417.jpg
105428.jpg 6204,6204,105428.jpg
105479.jpg 2929,2929,105479.jpg
105582.jpg 3629,3629,105582.jpg
105614.jpg 1499,1499,105614.jpg
105778.jpg 4125,4125,105778.jpg
105851.jpg 6446,6446,105851.jpg
105902.jpg 5578,5578,105902.jpg
106077.jpg 9177,9177,106077.jpg
106097.jpg 9642,9642,106097.jpg
106137.jpg 3046,3046,106137.jpg
106407.jpg 10144,10144,106407.jpg
106409.jpg 2410,2410,106409.jpg
106411.jpg 4876,4876,106411.jpg
106472.jpg 4883,4883,106472.jpg
106490.jpg 4883,4883,106490.jpg
106561.jpg 3670,3670,106561.jpg
106582.jpg 5689,5689,106582.jpg
106611.jpg 8692,8692,106611.jpg
106616.jpg 184,184,106616.jpg
106625.jpg 6622,6622,106625.jpg
106632.jpg 1058,1058,106632.jpg
106708.jpg 10144,10144,106708.jpg
106722.jpg 6625,6625,106722.jpg
106748.jpg 8671,8671,106748.jpg
107068.jpg 6369,6369,107068.jpg
107177.jpg 5689,5689,107177.jpg
107195.jpg 6746,6746,107195.jpg
107225.jpg 1539,1539,107225.jpg
107293.jpg 612,612,107293.jpg
107338.jpg 4153,4153,107338.jpg
107368.jpg 5127,5127,107368.jpg
107493.jpg 8216,8216,107493.jpg
107599.jpg 8443,8443,107599.jpg
107641.jpg 5230,5230,107641.jpg
107670.jpg 9040,9040,107670.jpg
107703.jpg 9295,9295,107703.jpg
107712.jpg 6642,6642,107712.jpg
107782.jpg 1603,1603,107782.jpg
107892.jpg 7399,7399,107892.jpg
107943.jpg 5805,5805,107943.jpg
107967.jpg 2464,2464,107967.jpg
108096.jpg 3332,3332,108096.jpg
108140.jpg 4407,4407,108140.jpg
108152.jpg 5578,5578,108152.jpg
108207.jpg 3403,3403,108207.jpg
108218.jpg 6204,6204,108218.jpg
108273.jpg 7191,7191,108273.jpg
108341.jpg 2880,2880,108341.jpg
108368.jpg 3046,3046,108368.jpg
108454.jpg 4876,4876,108454.jpg
108513.jpg 6369,6369,108513.jpg
108661.jpg 2937,2937,108661.jpg
108667.jpg 8289,8289,108667.jpg
108803.jpg 7399,7399,108803.jpg
108835.jpg 5927,5927,108835.jpg
108897.jpg 5805,5805,108897.jpg
108906.jpg 612,612,108906.jpg
108912.jpg 6204,6204,108912.jpg
108957.jpg 4883,4883,108957.jpg
108982.jpg 6642,6642,108982.jpg
108989.jpg 1539,1539,108989.jpg
108998.jpg 1,1,108998.jpg
109104.jpg 2464,2464,109104.jpg
109114.jpg 9295,9295,109114.jpg
109133.jpg 3316,3316,109133.jpg
109187.jpg 2464,2464,109187.jpg
109420.jpg 7081,7081,109420.jpg
109453.jpg 4125,4125,109453.jpg
109848.jpg 9040,9040,109848.jpg
109956.jpg 9177,9177,109956.jpg
110003.jpg 4905,4905,110003.jpg
110021.jpg 6817,6817,110021.jpg
110225.jpg 8289,8289,110225.jpg
110268.jpg 5578,5578,110268.jpg
110306.jpg 9181,9181,110306.jpg
110376.jpg 2880,2880,110376.jpg
110400.jpg 266,266,110400.jpg
110430.jpg 13,13,110430.jpg
110438.jpg 4385,4385,110438.jpg
110493.jpg 9290,9290,110493.jpg
110562.jpg 1058,1058,110562.jpg
110740.jpg 1175,1175,110740.jpg
110837.jpg 2079,2079,110837.jpg
110867.jpg 8289,8289,110867.jpg
110880.jpg 4883,4883,110880.jpg
110917.jpg 6530,6530,110917.jpg
110927.jpg 6318,6318,110927.jpg
110972.jpg 6204,6204,110972.jpg
110982.jpg 6204,6204,110982.jpg
111091.jpg 6204,6204,111091.jpg
111188.jpg 9289,9289,111188.jpg
111332.jpg 4960,4960,111332.jpg
111336.jpg 9040,9040,111336.jpg
111400.jpg 3670,3670,111400.jpg
111418.jpg 4262,4262,111418.jpg
111433.jpg 1,1,111433.jpg
111466.jpg 2464,2464,111466.jpg
111509.jpg 10046,10046,111509.jpg
111533.jpg 7081,7081,111533.jpg
111668.jpg 8744,8744,111668.jpg
111729.jpg 5927,5927,111729.jpg
111749.jpg 266,266,111749.jpg
111832.jpg 266,266,111832.jpg
111991.jpg 1499,1499,111991.jpg
112039.jpg 9397,9397,112039.jpg
112090.jpg 3629,3629,112090.jpg
112129.jpg 6642,6642,112129.jpg
112163.jpg 1854,1854,112163.jpg
112165.jpg 6642,6642,112165.jpg
112233.jpg 8744,8744,112233.jpg
112248.jpg 2079,2079,112248.jpg
112275.jpg 5127,5127,112275.jpg
112400.jpg 4876,4876,112400.jpg
112432.jpg 545,545,112432.jpg
112474.jpg 6369,6369,112474.jpg
112544.jpg 1,1,112544.jpg
112548.jpg 6642,6642,112548.jpg
112615.jpg 1603,1603,112615.jpg
112636.jpg 4905,4905,112636.jpg
112650.jpg 9295,9295,112650.jpg
112707.jpg 4988,4988,112707.jpg
112788.jpg 6318,6318,112788.jpg
112910.jpg 2088,2088,112910.jpg
113126.jpg 8671,8671,113126.jpg
113132.jpg 8671,8671,113132.jpg
113189.jpg 8443,8443,113189.jpg
113278.jpg 7880,7880,113278.jpg
113323.jpg 3403,3403,113323.jpg
113364.jpg 6642,6642,113364.jpg
113559.jpg 3670,3670,113559.jpg
113703.jpg 5127,5127,113703.jpg
113713.jpg 10144,10144,113713.jpg
113723.jpg 545,545,113723.jpg
113796.jpg 1854,1854,113796.jpg
113846.jpg 2088,2088,113846.jpg
113867.jpg 1175,1175,113867.jpg
113877.jpg 7779,7779,113877.jpg
113881.jpg 8671,8671,113881.jpg
113892.jpg 266,266,113892.jpg
113964.jpg 545,545,113964.jpg
113983.jpg 5805,5805,113983.jpg
114001.jpg 3332,3332,114001.jpg
114109.jpg 4153,4153,114109.jpg
114207.jpg 2879,2879,114207.jpg
114309.jpg 4876,4876,114309.jpg
114336.jpg 2937,2937,114336.jpg
114365.jpg 9642,9642,114365.jpg
114414.jpg 3670,3670,114414.jpg
114475.jpg 2879,2879,114475.jpg
114506.jpg 2079,2079,114506.jpg
114625.jpg 2937,2937,114625.jpg
114662.jpg 6880,6880,114662.jpg
114769.jpg 6369,6369,114769.jpg
114771.jpg 2088,2088,114771.jpg
114773.jpg 8289,8289,114773.jpg
114871.jpg 5578,5578,114871.jpg
114959.jpg 4905,4905,114959.jpg
115067.jpg 4876,4876,115067.jpg
115103.jpg 6622,6622,115103.jpg
115222.jpg 1499,1499,115222.jpg
115291.jpg 5300,5300,115291.jpg
115535.jpg 4262,4262,115535.jpg
115580.jpg 9295,9295,115580.jpg
115588.jpg 6530,6530,115588.jpg
116090.jpg 9295,9295,116090.jpg
116121.jpg 1175,1175,116121.jpg
116150.jpg 7191,7191,116150.jpg
116209.jpg 2464,2464,116209.jpg
116234.jpg 6880,6880,116234.jpg
116344.jpg 8671,8671,116344.jpg
116348.jpg 9290,9290,116348.jpg
116380.jpg 9181,9181,116380.jpg
116587.jpg 3896,3896,116587.jpg
116588.jpg 4262,4262,116588.jpg
116600.jpg 5927,5927,116600.jpg
116632.jpg 5604,5604,116632.jpg
116640.jpg 266,266,116640.jpg
116717.jpg 1446,1446,116717.jpg
116780.jpg 6622,6622,116780.jpg
116788.jpg 4153,4153,116788.jpg
117044.jpg 667,667,117044.jpg
117063.jpg 1446,1446,117063.jpg
117088.jpg 10046,10046,117088.jpg
117150.jpg 1,1,117150.jpg
117152.jpg 5578,5578,117152.jpg
117194.jpg 545,545,117194.jpg
117201.jpg 8289,8289,117201.jpg
117212.jpg 5127,5127,117212.jpg
117216.jpg 1499,1499,117216.jpg
117328.jpg 4988,4988,117328.jpg
117349.jpg 3896,3896,117349.jpg
117392.jpg 6446,6446,117392.jpg
117709.jpg 5512,5512,117709.jpg
117710.jpg 2937,2937,117710.jpg
117830.jpg 8443,8443,117830.jpg
117869.jpg 4310,4310,117869.jpg
117906.jpg 7191,7191,117906.jpg
117943.jpg 1854,1854,117943.jpg
118056.jpg 2782,2782,118056.jpg
118076.jpg 6204,6204,118076.jpg
118086.jpg 6622,6622,118086.jpg
118116.jpg 667,667,118116.jpg
118245.jpg 612,612,118245.jpg
118259.jpg 4905,4905,118259.jpg
118260.jpg 3316,3316,118260.jpg
118309.jpg 612,612,118309.jpg
118429.jpg 5512,5512,118429.jpg
118452.jpg 9181,9181,118452.jpg
118567.jpg 2079,2079,118567.jpg
118601.jpg 1854,1854,118601.jpg
118651.jpg 1446,1446,118651.jpg
118655.jpg 9181,9181,118655.jpg
118837.jpg 3403,3403,118837.jpg
118894.jpg 7081,7081,118894.jpg
118951.jpg 5127,5127,118951.jpg
119135.jpg 3896,3896,119135.jpg
119140.jpg 2879,2879,119140.jpg
119260.jpg 9290,9290,119260.jpg
119280.jpg 4125,4125,119280.jpg
119384.jpg 667,667,119384.jpg
119434.jpg 3332,3332,119434.jpg
119444.jpg 2807,2807,119444.jpg
119447.jpg 3272,3272,119447.jpg
119487.jpg 7779,7779,119487.jpg
119556.jpg 3785,3785,119556.jpg
119734.jpg 1499,1499,119734.jpg
119744.jpg 10144,10144,119744.jpg
119835.jpg 9181,9181,119835.jpg
119844.jpg 6145,6145,119844.jpg
120014.jpg 8744,8744,120014.jpg
120053.jpg 1499,1499,120053.jpg
120055.jpg 9295,9295,120055.jpg
120092.jpg 3403,3403,120092.jpg
120254.jpg 5239,5239,120254.jpg
120280.jpg 2937,2937,120280.jpg
120293.jpg 6369,6369,120293.jpg
120342.jpg 4627,4627,120342.jpg
120344.jpg 8744,8744,120344.jpg
120399.jpg 8289,8289,120399.jpg
120447.jpg 1854,1854,120447.jpg
120584.jpg 2879,2879,120584.jpg
120741.jpg 4153,4153,120741.jpg
120763.jpg 3896,3896,120763.jpg
120774.jpg 5604,5604,120774.jpg
120852.jpg 3046,3046,120852.jpg
120863.jpg 4407,4407,120863.jpg
120868.jpg 1603,1603,120868.jpg
120881.jpg 7578,7578,120881.jpg
120898.jpg 6145,6145,120898.jpg
121013.jpg 4883,4883,121013.jpg
121150.jpg 4876,4876,121150.jpg
121245.jpg 545,545,121245.jpg
121311.jpg 3046,3046,121311.jpg
121496.jpg 3046,3046,121496.jpg
121596.jpg 7880,7880,121596.jpg
121738.jpg 9290,9290,121738.jpg
121889.jpg 9289,9289,121889.jpg
121979.jpg 1175,1175,121979.jpg
122048.jpg 7081,7081,122048.jpg
122145.jpg 5300,5300,122145.jpg
122313.jpg 3896,3896,122313.jpg
122325.jpg 9397,9397,122325.jpg
122392.jpg 3792,3792,122392.jpg
122439.jpg 2880,2880,122439.jpg
122479.jpg 7578,7578,122479.jpg
122563.jpg 8216,8216,122563.jpg
122591.jpg 7600,7600,122591.jpg
122607.jpg 5127,5127,122607.jpg
122622.jpg 6145,6145,122622.jpg
122627.jpg 8216,8216,122627.jpg
122639.jpg 7399,7399,122639.jpg
122686.jpg 3332,3332,122686.jpg
122800.jpg 6746,6746,122800.jpg
122876.jpg 9290,9290,122876.jpg
122994.jpg 8744,8744,122994.jpg
123106.jpg 4153,4153,123106.jpg
123134.jpg 7081,7081,123134.jpg
123296.jpg 8744,8744,123296.jpg
123526.jpg 9397,9397,123526.jpg
123605.jpg 2782,2782,123605.jpg
123629.jpg 5230,5230,123629.jpg
123641.jpg 3629,3629,123641.jpg
123696.jpg 7081,7081,123696.jpg
123700.jpg 9642,9642,123700.jpg
123767.jpg 6318,6318,123767.jpg
123821.jpg 8671,8671,123821.jpg
123837.jpg 7578,7578,123837.jpg
123848.jpg 2929,2929,123848.jpg
123985.jpg 2410,2410,123985.jpg
124091.jpg 8216,8216,124091.jpg
124162.jpg 3670,3670,124162.jpg
124196.jpg 2464,2464,124196.jpg
124215.jpg 4883,4883,124215.jpg
124285.jpg 4385,4385,124285.jpg
124306.jpg 5127,5127,124306.jpg
124385.jpg 1539,1539,124385.jpg
124477.jpg 7399,7399,124477.jpg
124774.jpg 6204,6204,124774.jpg
125005.jpg 2879,2879,125005.jpg
125123.jpg 7081,7081,125123.jpg
125140.jpg 2937,2937,125140.jpg
125163.jpg 8216,8216,125163.jpg
125326.jpg 9040,9040,125326.jpg
125354.jpg 6446,6446,125354.jpg
125387.jpg 8671,8671,125387.jpg
125462.jpg 4125,4125,125462.jpg
125538.jpg 9177,9177,125538.jpg
125584.jpg 6318,6318,125584.jpg
125743.jpg 10144,10144,125743.jpg
125808.jpg 268,268,125808.jpg
125832.jpg 5230,5230,125832.jpg
125847.jpg 4385,4385,125847.jpg
125853.jpg 1499,1499,125853.jpg
125855.jpg 3046,3046,125855.jpg
125909.jpg 3272,3272,125909.jpg
125963.jpg 7880,7880,125963.jpg
126015.jpg 1539,1539,126015.jpg
126033.jpg 5927,5927,126033.jpg
126159.jpg 6746,6746,126159.jpg
126177.jpg 612,612,126177.jpg
126223.jpg 3792,3792,126223.jpg
126277.jpg 4262,4262,126277.jpg
126286.jpg 268,268,126286.jpg
126392.jpg 9177,9177,126392.jpg
126395.jpg 4960,4960,126395.jpg
126458.jpg 5578,5578,126458.jpg
126463.jpg 9177,9177,126463.jpg
126559.jpg 6446,6446,126559.jpg
126568.jpg 4262,4262,126568.jpg
126703.jpg 1446,1446,126703.jpg
126794.jpg 10144,10144,126794.jpg
126897.jpg 6446,6446,126897.jpg
126975.jpg 9177,9177,126975.jpg
127139.jpg 3272,3272,127139.jpg
127176.jpg 5689,5689,127176.jpg
127239.jpg 3403,3403,127239.jpg
127248.jpg 2192,2192,127248.jpg
127254.jpg 6530,6530,127254.jpg
127297.jpg 2929,2929,127297.jpg
127367.jpg 2192,2192,127367.jpg
127409.jpg 1499,1499,127409.jpg
127429.jpg 2807,2807,127429.jpg
127507.jpg 3046,3046,127507.jpg
127519.jpg 3046,3046,127519.jpg
127526.jpg 268,268,127526.jpg
127569.jpg 3272,3272,127569.jpg
127606.jpg 8443,8443,127606.jpg
127649.jpg 268,268,127649.jpg
127720.jpg 5239,5239,127720.jpg
128002.jpg 8443,8443,128002.jpg
128153.jpg 10046,10046,128153.jpg
128166.jpg 4125,4125,128166.jpg
128186.jpg 2464,2464,128186.jpg
128227.jpg 13,13,128227.jpg
128328.jpg 4385,4385,128328.jpg
128499.jpg 7399,7399,128499.jpg
128587.jpg 3422,3422,128587.jpg
128658.jpg 8443,8443,128658.jpg
128807.jpg 2929,2929,128807.jpg
128828.jpg 3670,3670,128828.jpg
128935.jpg 4310,4310,128935.jpg
128989.jpg 1499,1499,128989.jpg
129021.jpg 184,184,129021.jpg
129035.jpg 7081,7081,129035.jpg
129058.jpg 2079,2079,129058.jpg
129157.jpg 4125,4125,129157.jpg
129253.jpg 3896,3896,129253.jpg
129493.jpg 5689,5689,129493.jpg
129529.jpg 9295,9295,129529.jpg
129563.jpg 3332,3332,129563.jpg
129633.jpg 6530,6530,129633.jpg
129770.jpg 7880,7880,129770.jpg
129856.jpg 8216,8216,129856.jpg
129995.jpg 3046,3046,129995.jpg
130020.jpg 7191,7191,130020.jpg
130111.jpg 3670,3670,130111.jpg
130142.jpg 2807,2807,130142.jpg
130170.jpg 3785,3785,130170.jpg
130256.jpg 5604,5604,130256.jpg
130350.jpg 1,1,130350.jpg
130357.jpg 3403,3403,130357.jpg
130384.jpg 7399,7399,130384.jpg
130409.jpg 612,612,130409.jpg
130481.jpg 5805,5805,130481.jpg
130773.jpg 266,266,130773.jpg
130787.jpg 6446,6446,130787.jpg
130833.jpg 1539,1539,130833.jpg
130913.jpg 9177,9177,130913.jpg
130922.jpg 4128,4128,130922.jpg
131017.jpg 5472,5472,131017.jpg
131049.jpg 8289,8289,131049.jpg
131108.jpg 1603,1603,131108.jpg
131411.jpg 13,13,131411.jpg
131431.jpg 4905,4905,131431.jpg
131521.jpg 5689,5689,131521.jpg
131548.jpg 1175,1175,131548.jpg
131718.jpg 3629,3629,131718.jpg
131731.jpg 2880,2880,131731.jpg
131763.jpg 7600,7600,131763.jpg
131836.jpg 6642,6642,131836.jpg
131842.jpg 3422,3422,131842.jpg
131961.jpg 6625,6625,131961.jpg
132096.jpg 4876,4876,132096.jpg
132166.jpg 3629,3629,132166.jpg
132173.jpg 5927,5927,132173.jpg
132204.jpg 184,184,132204.jpg
132249.jpg 545,545,132249.jpg
132347.jpg 545,545,132347.jpg
132352.jpg 5230,5230,132352.jpg
132473.jpg 3896,3896,132473.jpg
132561.jpg 1499,1499,132561.jpg
132600.jpg 7191,7191,132600.jpg
132687.jpg 4988,4988,132687.jpg
132898.jpg 2079,2079,132898.jpg
133005.jpg 8692,8692,133005.jpg
133056.jpg 184,184,133056.jpg
133084.jpg 4407,4407,133084.jpg
133107.jpg 10046,10046,133107.jpg
133199.jpg 3785,3785,133199.jpg
133207.jpg 3046,3046,133207.jpg
133334.jpg 3792,3792,133334.jpg
133410.jpg 4125,4125,133410.jpg
133417.jpg 4385,4385,133417.jpg
133448.jpg 2192,2192,133448.jpg
133453.jpg 6530,6530,133453.jpg
133485.jpg 2079,2079,133485.jpg
133499.jpg 3403,3403,133499.jpg
133650.jpg 6446,6446,133650.jpg
133692.jpg 3792,3792,133692.jpg
133728.jpg 5578,5578,133728.jpg
133811.jpg 5127,5127,133811.jpg
133860.jpg 9642,9642,133860.jpg
133878.jpg 6642,6642,133878.jpg
133901.jpg 9040,9040,133901.jpg
133937.jpg 5689,5689,133937.jpg
133940.jpg 5604,5604,133940.jpg
134007.jpg 2880,2880,134007.jpg
134050.jpg 6530,6530,134050.jpg
134062.jpg 6369,6369,134062.jpg
134106.jpg 4385,4385,134106.jpg
134189.jpg 8443,8443,134189.jpg
134209.jpg 8692,8692,134209.jpg
134265.jpg 640,640,134265.jpg
134269.jpg 9040,9040,134269.jpg
134271.jpg 1175,1175,134271.jpg
134272.jpg 8692,8692,134272.jpg
134403.jpg 6746,6746,134403.jpg
134551.jpg 6145,6145,134551.jpg
134604.jpg 4262,4262,134604.jpg
134614.jpg 3670,3670,134614.jpg
134680.jpg 8692,8692,134680.jpg
134715.jpg 3792,3792,134715.jpg
134842.jpg 8443,8443,134842.jpg
134894.jpg 13,13,134894.jpg
135061.jpg 5472,5472,135061.jpg
135144.jpg 6369,6369,135144.jpg
135231.jpg 3785,3785,135231.jpg
135319.jpg 6369,6369,135319.jpg
135381.jpg 4125,4125,135381.jpg
135389.jpg 5927,5927,135389.jpg
135447.jpg 5230,5230,135447.jpg
135551.jpg 3629,3629,135551.jpg
135601.jpg 9295,9295,135601.jpg
135616.jpg 3332,3332,135616.jpg
135631.jpg 6204,6204,135631.jpg
135653.jpg 9290,9290,135653.jpg
135763.jpg 5300,5300,135763.jpg
135813.jpg 4905,4905,135813.jpg
136013.jpg 9295,9295,136013.jpg
136078.jpg 3629,3629,136078.jpg
136107.jpg 7399,7399,136107.jpg
136143.jpg 1539,1539,136143.jpg
136162.jpg 9040,9040,136162.jpg
136231.jpg 6369,6369,136231.jpg
136346.jpg 5239,5239,136346.jpg
136514.jpg 5689,5689,136514.jpg
136539.jpg 2079,2079,136539.jpg
136558.jpg 9290,9290,136558.jpg
136608.jpg 640,640,136608.jpg
136792.jpg 5805,5805,136792.jpg
136825.jpg 5472,5472,136825.jpg
136894.jpg 6145,6145,136894.jpg
136969.jpg 2464,2464,136969.jpg
137042.jpg 5300,5300,137042.jpg
137059.jpg 4407,4407,137059.jpg
137105.jpg 1446,1446,137105.jpg
137156.jpg 6746,6746,137156.jpg
137188.jpg 5512,5512,137188.jpg
137192.jpg 4876,4876,137192.jpg
137225.jpg 7399,7399,137225.jpg
137249.jpg 1175,1175,137249.jpg
137256.jpg 184,184,137256.jpg
137269.jpg 5230,5230,137269.jpg
137282.jpg 7779,7779,137282.jpg
137324.jpg 9177,9177,137324.jpg
137343.jpg 1446,1446,137343.jpg
137436.jpg 5512,5512,137436.jpg
137531.jpg 6369,6369,137531.jpg
137602.jpg 2782,2782,137602.jpg
137641.jpg 9642,9642,137641.jpg
137660.jpg 4915,4915,137660.jpg
137773.jpg 7399,7399,137773.jpg
137834.jpg 2879,2879,137834.jpg
137853.jpg 2464,2464,137853.jpg
137879.jpg 5239,5239,137879.jpg
137885.jpg 4310,4310,137885.jpg
137914.jpg 6318,6318,137914.jpg
137999.jpg 1175,1175,137999.jpg
138103.jpg 9290,9290,138103.jpg
138119.jpg 4128,4128,138119.jpg
138346.jpg 4262,4262,138346.jpg
138356.jpg 8216,8216,138356.jpg
138359.jpg 3403,3403,138359.jpg
138383.jpg 3272,3272,138383.jpg
138425.jpg 3896,3896,138425.jpg
138481.jpg 266,266,138481.jpg
138485.jpg 4153,4153,138485.jpg
138523.jpg 8692,8692,138523.jpg
138902.jpg 4876,4876,138902.jpg
139016.jpg 4988,4988,139016.jpg
139079.jpg 5239,5239,139079.jpg
139106.jpg 2880,2880,139106.jpg
139201.jpg 5689,5689,139201.jpg
139227.jpg 4915,4915,139227.jpg
139301.jpg 4128,4128,139301.jpg
139339.jpg 3272,3272,139339.jpg
139398.jpg 5805,5805,139398.jpg
139552.jpg 1539,1539,139552.jpg
139617.jpg 1603,1603,139617.jpg
139661.jpg 3785,3785,139661.jpg
139681.jpg 6880,6880,139681.jpg
139698.jpg 2464,2464,139698.jpg
139761.jpg 7191,7191,139761.jpg
139824.jpg 4153,4153,139824.jpg
139838.jpg 4988,4988,139838.jpg
139910.jpg 268,268,139910.jpg
140139.jpg 6145,6145,140139.jpg
140208.jpg 5604,5604,140208.jpg
140269.jpg 7578,7578,140269.jpg
140499.jpg 4960,4960,140499.jpg
140545.jpg 3403,3403,140545.jpg
140613.jpg 6530,6530,140613.jpg
140632.jpg 9289,9289,140632.jpg
140690.jpg 8289,8289,140690.jpg
140747.jpg 8692,8692,140747.jpg
140769.jpg 4310,4310,140769.jpg
140806.jpg 5689,5689,140806.jpg
140829.jpg 5805,5805,140829.jpg
140935.jpg 2880,2880,140935.jpg
140945.jpg 640,640,140945.jpg
140956.jpg 5300,5300,140956.jpg
140990.jpg 1446,1446,140990.jpg
141037.jpg 9642,9642,141037.jpg
141223.jpg 6746,6746,141223.jpg
141224.jpg 6817,6817,141224.jpg
141228.jpg 6530,6530,141228.jpg
141230.jpg 8443,8443,141230.jpg
141362.jpg 3629,3629,141362.jpg
141402.jpg 6530,6530,141402.jpg
141464.jpg 10144,10144,141464.jpg
141495.jpg 5512,5512,141495.jpg
141546.jpg 9642,9642,141546.jpg
141671.jpg 8443,8443,141671.jpg
141704.jpg 5472,5472,141704.jpg
141746.jpg 545,545,141746.jpg
141765.jpg 6318,6318,141765.jpg
141907.jpg 2192,2192,141907.jpg
141914.jpg 4153,4153,141914.jpg
141933.jpg 3316,3316,141933.jpg
141982.jpg 4310,4310,141982.jpg
142076.jpg 6746,6746,142076.jpg
142160.jpg 4310,4310,142160.jpg
142192.jpg 1603,1603,142192.jpg
142264.jpg 184,184,142264.jpg
142296.jpg 3332,3332,142296.jpg
142510.jpg 5472,5472,142510.jpg
142586.jpg 1,1,142586.jpg
142601.jpg 2937,2937,142601.jpg
142652.jpg 1539,1539,142652.jpg
142670.jpg 3332,3332,142670.jpg
142689.jpg 4960,4960,142689.jpg
142871.jpg 3403,3403,142871.jpg
142874.jpg 1,1,142874.jpg
142880.jpg 2464,2464,142880.jpg
142985.jpg 7399,7399,142985.jpg
143039.jpg 1539,1539,143039.jpg
143050.jpg 8289,8289,143050.jpg
143065.jpg 3316,3316,143065.jpg
143079.jpg 8671,8671,143079.jpg
143108.jpg 4627,4627,143108.jpg
143139.jpg 2088,2088,143139.jpg
143172.jpg 4385,4385,143172.jpg
143176.jpg 5512,5512,143176.jpg
143635.jpg 4310,4310,143635.jpg
143699.jpg 266,266,143699.jpg
143713.jpg 3785,3785,143713.jpg
143740.jpg 5927,5927,143740.jpg
143829.jpg 2929,2929,143829.jpg
143930.jpg 268,268,143930.jpg
143954.jpg 9289,9289,143954.jpg
143974.jpg 7399,7399,143974.jpg
144086.jpg 2782,2782,144086.jpg
144111.jpg 5604,5604,144111.jpg
144129.jpg 4310,4310,144129.jpg
144182.jpg 545,545,144182.jpg
144279.jpg 4262,4262,144279.jpg
144280.jpg 4905,4905,144280.jpg
144328.jpg 10046,10046,144328.jpg
144374.jpg 7578,7578,144374.jpg
144460.jpg 5805,5805,144460.jpg
144572.jpg 6145,6145,144572.jpg
144575.jpg 1058,1058,144575.jpg
144685.jpg 5805,5805,144685.jpg
144687.jpg 5578,5578,144687.jpg
144688.jpg 6318,6318,144688.jpg
144842.jpg 5689,5689,144842.jpg
144882.jpg 5604,5604,144882.jpg
144951.jpg 612,612,144951.jpg
145014.jpg 545,545,145014.jpg
145035.jpg 6746,6746,145035.jpg
145071.jpg 3272,3272,145071.jpg
145100.jpg 1539,1539,145100.jpg
145123.jpg 3272,3272,145123.jpg
145170.jpg 266,266,145170.jpg
145199.jpg 9397,9397,145199.jpg
145253.jpg 5127,5127,145253.jpg
145289.jpg 13,13,145289.jpg
145291.jpg 4385,4385,145291.jpg
145294.jpg 4988,4988,145294.jpg
145358.jpg 5230,5230,145358.jpg
145374.jpg 8443,8443,145374.jpg
145456.jpg 545,545,145456.jpg
145485.jpg 6446,6446,145485.jpg
145590.jpg 1,1,145590.jpg
145611.jpg 10144,10144,145611.jpg
145616.jpg 3785,3785,145616.jpg
145630.jpg 5127,5127,145630.jpg
145749.jpg 2464,2464,145749.jpg
145756.jpg 5578,5578,145756.jpg
145778.jpg 8216,8216,145778.jpg
145862.jpg 5689,5689,145862.jpg
145873.jpg 4905,4905,145873.jpg
145891.jpg 4385,4385,145891.jpg
145904.jpg 1603,1603,145904.jpg
145979.jpg 6642,6642,145979.jpg
146012.jpg 5230,5230,146012.jpg
146170.jpg 4988,4988,146170.jpg
146198.jpg 545,545,146198.jpg
146232.jpg 2929,2929,146232.jpg
146668.jpg 1446,1446,146668.jpg
146793.jpg 1499,1499,146793.jpg
146865.jpg 1854,1854,146865.jpg
146976.jpg 640,640,146976.jpg
147096.jpg 8744,8744,147096.jpg
147101.jpg 9289,9289,147101.jpg
147114.jpg 3316,3316,147114.jpg
147130.jpg 9181,9181,147130.jpg
147217.jpg 545,545,147217.jpg
147275.jpg 6746,6746,147275.jpg
147293.jpg 5472,5472,147293.jpg
147308.jpg 7779,7779,147308.jpg
147328.jpg 3272,3272,147328.jpg
147362.jpg 184,184,147362.jpg
147430.jpg 3785,3785,147430.jpg
147474.jpg 5127,5127,147474.jpg
147645.jpg 4153,4153,147645.jpg
147745.jpg 2782,2782,147745.jpg
147756.jpg 9290,9290,147756.jpg
147774.jpg 2079,2079,147774.jpg
147815.jpg 266,266,147815.jpg
147966.jpg 5472,5472,147966.jpg
147969.jpg 5300,5300,147969.jpg
147979.jpg 2088,2088,147979.jpg
147985.jpg 6145,6145,147985.jpg
148004.jpg 4960,4960,148004.jpg
148009.jpg 2079,2079,148009.jpg
148104.jpg 9181,9181,148104.jpg
148135.jpg 6318,6318,148135.jpg
148220.jpg 7880,7880,148220.jpg
148285.jpg 3785,3785,148285.jpg
148499.jpg 10144,10144,148499.jpg
148636.jpg 8671,8671,148636.jpg
148651.jpg 8692,8692,148651.jpg
148710.jpg 2807,2807,148710.jpg
148785.jpg 8744,8744,148785.jpg
149034.jpg 3896,3896,149034.jpg
149037.jpg 6530,6530,149037.jpg
149051.jpg 5239,5239,149051.jpg
149063.jpg 4627,4627,149063.jpg
149081.jpg 4407,4407,149081.jpg
149161.jpg 266,266,149161.jpg
149164.jpg 4627,4627,149164.jpg
149181.jpg 7578,7578,149181.jpg
149191.jpg 3792,3792,149191.jpg
149266.jpg 268,268,149266.jpg
149277.jpg 6318,6318,149277.jpg
149384.jpg 5927,5927,149384.jpg
149465.jpg 3316,3316,149465.jpg
149467.jpg 3422,3422,149467.jpg
149495.jpg 6625,6625,149495.jpg
149498.jpg 4125,4125,149498.jpg
149508.jpg 13,13,149508.jpg
149531.jpg 9290,9290,149531.jpg
149537.jpg 3272,3272,149537.jpg
149590.jpg 2929,2929,149590.jpg
149684.jpg 6145,6145,149684.jpg
149713.jpg 1446,1446,149713.jpg
149741.jpg 4876,4876,149741.jpg
149785.jpg 6880,6880,149785.jpg
149809.jpg 3792,3792,149809.jpg
149842.jpg 5927,5927,149842.jpg
149920.jpg 5689,5689,149920.jpg
149986.jpg 7880,7880,149986.jpg
149989.jpg 6530,6530,149989.jpg
150150.jpg 3316,3316,150150.jpg
150155.jpg 6204,6204,150155.jpg
150264.jpg 6145,6145,150264.jpg
150331.jpg 7081,7081,150331.jpg
150370.jpg 2088,2088,150370.jpg
150398.jpg 5689,5689,150398.jpg
150549.jpg 9397,9397,150549.jpg
150553.jpg 4385,4385,150553.jpg
150671.jpg 5127,5127,150671.jpg
150702.jpg 5604,5604,150702.jpg
150832.jpg 2929,2929,150832.jpg
150909.jpg 8289,8289,150909.jpg
150992.jpg 667,667,150992.jpg
151023.jpg 5472,5472,151023.jpg
151303.jpg 6204,6204,151303.jpg
151388.jpg 9177,9177,151388.jpg
151482.jpg 3792,3792,151482.jpg
151489.jpg 4407,4407,151489.jpg
151691.jpg 3046,3046,151691.jpg
151737.jpg 4988,4988,151737.jpg
151753.jpg 2879,2879,151753.jpg
151754.jpg 5512,5512,151754.jpg
151816.jpg 2464,2464,151816.jpg
151817.jpg 268,268,151817.jpg
151879.jpg 6369,6369,151879.jpg
151972.jpg 7081,7081,151972.jpg
151994.jpg 7399,7399,151994.jpg
152017.jpg 6446,6446,152017.jpg
152027.jpg 6204,6204,152027.jpg
152099.jpg 1854,1854,152099.jpg
152144.jpg 5512,5512,152144.jpg
152177.jpg 2088,2088,152177.jpg
152277.jpg 4915,4915,152277.jpg
152362.jpg 4876,4876,152362.jpg
152375.jpg 7191,7191,152375.jpg
152380.jpg 2937,2937,152380.jpg
152385.jpg 4153,4153,152385.jpg
152417.jpg 6369,6369,152417.jpg
152422.jpg 181,181,152422.jpg
152457.jpg 2929,2929,152457.jpg
152491.jpg 3046,3046,152491.jpg
152519.jpg 5239,5239,152519.jpg
152523.jpg 3629,3629,152523.jpg
152639.jpg 1499,1499,152639.jpg
152700.jpg 5805,5805,152700.jpg
152754.jpg 1446,1446,152754.jpg
152787.jpg 1539,1539,152787.jpg
152831.jpg 5578,5578,152831.jpg
152915.jpg 9040,9040,152915.jpg
153310.jpg 8692,8692,153310.jpg
153376.jpg 3046,3046,153376.jpg
153428.jpg 5239,5239,153428.jpg
153484.jpg 5300,5300,153484.jpg
153583.jpg 3272,3272,153583.jpg
153620.jpg 6369,6369,153620.jpg
153657.jpg 5604,5604,153657.jpg
153918.jpg 667,667,153918.jpg
153950.jpg 4988,4988,153950.jpg
153977.jpg 9642,9642,153977.jpg
154037.jpg 5927,5927,154037.jpg
154115.jpg 4876,4876,154115.jpg
154188.jpg 5230,5230,154188.jpg
154231.jpg 9290,9290,154231.jpg
154240.jpg 2088,2088,154240.jpg
154245.jpg 4407,4407,154245.jpg
154306.jpg 8692,8692,154306.jpg
154387.jpg 1854,1854,154387.jpg
154423.jpg 7399,7399,154423.jpg
154434.jpg 7779,7779,154434.jpg
154451.jpg 1499,1499,154451.jpg
154524.jpg 4125,4125,154524.jpg
154557.jpg 5472,5472,154557.jpg
154615.jpg 6369,6369,154615.jpg
154721.jpg 10046,10046,154721.jpg
154835.jpg 6369,6369,154835.jpg
154911.jpg 1499,1499,154911.jpg
154943.jpg 4310,4310,154943.jpg
154944.jpg 9181,9181,154944.jpg
155041.jpg 9290,9290,155041.jpg
155078.jpg 3896,3896,155078.jpg
155097.jpg 5512,5512,155097.jpg
155199.jpg 5472,5472,155199.jpg
155232.jpg 3896,3896,155232.jpg
155242.jpg 8744,8744,155242.jpg
155243.jpg 3316,3316,155243.jpg
155284.jpg 2782,2782,155284.jpg
155319.jpg 2782,2782,155319.jpg
155328.jpg 1603,1603,155328.jpg
155428.jpg 6746,6746,155428.jpg
155444.jpg 4915,4915,155444.jpg
155448.jpg 8443,8443,155448.jpg
155503.jpg 3316,3316,155503.jpg
155591.jpg 5578,5578,155591.jpg
155693.jpg 8744,8744,155693.jpg
155740.jpg 6204,6204,155740.jpg
155753.jpg 3670,3670,155753.jpg
155857.jpg 3792,3792,155857.jpg
155882.jpg 5239,5239,155882.jpg
155909.jpg 4125,4125,155909.jpg
155965.jpg 3316,3316,155965.jpg
156040.jpg 9177,9177,156040.jpg
156126.jpg 4988,4988,156126.jpg
156128.jpg 9177,9177,156128.jpg
156139.jpg 5927,5927,156139.jpg
156150.jpg 1539,1539,156150.jpg
156156.jpg 3792,3792,156156.jpg
156287.jpg 1058,1058,156287.jpg
156311.jpg 4905,4905,156311.jpg
156334.jpg 2782,2782,156334.jpg
156383.jpg 1539,1539,156383.jpg
156407.jpg 9040,9040,156407.jpg
156424.jpg 2807,2807,156424.jpg
156454.jpg 6446,6446,156454.jpg
156552.jpg 4988,4988,156552.jpg
156558.jpg 2807,2807,156558.jpg
156946.jpg 2929,2929,156946.jpg
156980.jpg 1854,1854,156980.jpg
157010.jpg 7081,7081,157010.jpg
157036.jpg 6369,6369,157036.jpg
157101.jpg 4915,4915,157101.jpg
157112.jpg 3316,3316,157112.jpg
157169.jpg 5578,5578,157169.jpg
157303.jpg 2464,2464,157303.jpg
157327.jpg 7081,7081,157327.jpg
157339.jpg 5927,5927,157339.jpg
157385.jpg 4883,4883,157385.jpg
157482.jpg 3792,3792,157482.jpg
157602.jpg 1,1,157602.jpg
157799.jpg 6622,6622,157799.jpg
157919.jpg 3629,3629,157919.jpg
157927.jpg 9397,9397,157927.jpg
157960.jpg 4905,4905,157960.jpg
157998.jpg 9295,9295,157998.jpg
158084.jpg 5300,5300,158084.jpg
158141.jpg 4262,4262,158141.jpg
158182.jpg 1854,1854,158182.jpg
158300.jpg 10046,10046,158300.jpg
158469.jpg 3670,3670,158469.jpg
158472.jpg 13,13,158472.jpg
158518.jpg 3286,3286,158518.jpg
158646.jpg 9290,9290,158646.jpg
158660.jpg 6446,6446,158660.jpg
158715.jpg 6746,6746,158715.jpg
158877.jpg 5927,5927,158877.jpg
158927.jpg 9040,9040,158927.jpg
158981.jpg 4407,4407,158981.jpg
159010.jpg 13,13,159010.jpg
159039.jpg 5127,5127,159039.jpg
159141.jpg 545,545,159141.jpg
159143.jpg 6625,6625,159143.jpg
159231.jpg 9181,9181,159231.jpg
159392.jpg 6318,6318,159392.jpg
159503.jpg 7399,7399,159503.jpg
159612.jpg 7399,7399,159612.jpg
159834.jpg 4905,4905,159834.jpg
159837.jpg 4385,4385,159837.jpg
159848.jpg 6318,6318,159848.jpg
159870.jpg 9289,9289,159870.jpg
159967.jpg 4262,4262,159967.jpg
160001.jpg 2807,2807,160001.jpg
160028.jpg 3896,3896,160028.jpg
160068.jpg 6817,6817,160068.jpg
160310.jpg 1499,1499,160310.jpg
160494.jpg 2879,2879,160494.jpg
160537.jpg 9642,9642,160537.jpg
160556.jpg 2929,2929,160556.jpg
160655.jpg 5578,5578,160655.jpg
160800.jpg 4905,4905,160800.jpg
160823.jpg 4876,4876,160823.jpg
160926.jpg 5239,5239,160926.jpg
161132.jpg 2879,2879,161132.jpg
161490.jpg 4125,4125,161490.jpg
161507.jpg 4153,4153,161507.jpg
161569.jpg 6446,6446,161569.jpg
161690.jpg 5927,5927,161690.jpg
161725.jpg 184,184,161725.jpg
161731.jpg 3896,3896,161731.jpg
161754.jpg 7399,7399,161754.jpg
161787.jpg 6880,6880,161787.jpg
161850.jpg 9295,9295,161850.jpg
161881.jpg 3785,3785,161881.jpg
161976.jpg 9181,9181,161976.jpg
161981.jpg 5604,5604,161981.jpg
162014.jpg 667,667,162014.jpg
162113.jpg 3670,3670,162113.jpg
162154.jpg 9295,9295,162154.jpg
162229.jpg 6642,6642,162229.jpg
162244.jpg 9040,9040,162244.jpg
162251.jpg 3422,3422,162251.jpg
162295.jpg 184,184,162295.jpg
162318.jpg 9181,9181,162318.jpg
162377.jpg 4905,4905,162377.jpg
162532.jpg 667,667,162532.jpg
162647.jpg 6642,6642,162647.jpg
162749.jpg 5230,5230,162749.jpg
